id,Month,Year,Temperature,Individual,Sample Number,Fo,Fm,FvFm,Visual,Notes
Acer saccharum,6,2021,23,1,1,601,3565,0.831,5,
Acer saccharum,6,2021,23,1,2,599,3527,0.830,0,
Acer saccharum,6,2021,23,1,3,580,3303,0.824,0,
Acer saccharum,6,2021,23,1,4,531,3279,0.838,0,
Acer saccharum,6,2021,23,1,5,527,3158,0.833,0,
Acer saccharum,6,2021,23,1,6,594,3741,0.841,0,
Acer saccharum,6,2021,38,1,1,536,3073,0.826,0,
Acer saccharum,6,2021,38,1,2,533,3204,0.834,0,
Acer saccharum,6,2021,38,1,3,543,3095,0.825,0,
Acer saccharum,6,2021,38,1,4,498,2765,0.820,0,
Acer saccharum,6,2021,38,1,5,558,3165,0.824,0,
Acer saccharum,6,2021,38,1,6,562,3073,0.817,0,
Liriodendron tulipifera,6,2021,23,1,1,505,2527,0.800,0,
Liriodendron tulipifera,6,2021,23,1,2,420,2627,0.840,0,
Liriodendron tulipifera,6,2021,23,1,3,509,2613,0.805,0,
Liriodendron tulipifera,6,2021,23,1,4,458,2722,0.832,0,
Liriodendron tulipifera,6,2021,23,1,5,435,2605,0.833,0,
Liriodendron tulipifera,6,2021,23,1,6,513,2454,0.791,0,
Liriodendron tulipifera,6,2021,38,1,1,488,2518,0.806,0,
Liriodendron tulipifera,6,2021,38,1,2,455,2496,0.818,0,
Liriodendron tulipifera,6,2021,38,1,3,437,2391,0.817,0,
Liriodendron tulipifera,6,2021,38,1,4,488,2705,0.820,0,
Liriodendron tulipifera,6,2021,38,1,5,478,2901,0.835,0,
Liriodendron tulipifera,6,2021,38,1,6,451,2456,0.816,0,
Acer saccharum,6,2021,40,1,1,527,2912,0.819,10,
Acer saccharum,6,2021,40,1,2,534,2935,0.818,0,
Acer saccharum,6,2021,40,1,3,557,3102,0.820,0,
Acer saccharum,6,2021,40,1,4,521,3031,0.828,0,
Acer saccharum,6,2021,40,1,5,598,3194,0.813,0,
Acer saccharum,6,2021,40,1,6,541,2914,0.814,0,
Acer saccharum,6,2021,42,1,1,535,2972,0.820,5,
Acer saccharum,6,2021,42,1,2,540,2978,0.819,5,
Acer saccharum,6,2021,42,1,3,450,2468,0.818,0,
Acer saccharum,6,2021,42,1,4,572,3037,0.812,0,
Acer saccharum,6,2021,42,1,5,551,3246,0.830,0,
Acer saccharum,6,2021,42,1,6,520,2975,0.825,0,
Acer saccharum,6,2021,44,1,1,540,2401,0.775,5,
Acer saccharum,6,2021,44,1,2,568,2616,0.783,10,
Acer saccharum,6,2021,44,1,3,545,3054,0.822,0,
Acer saccharum,6,2021,44,1,4,591,2842,0.792,0,
Acer saccharum,6,2021,44,1,5,549,2590,0.788,0,
Acer saccharum,6,2021,44,1,6,535,2949,0.819,0,
Acer saccharum,6,2021,46,1,1,623,2146,0.710,5,
Acer saccharum,6,2021,46,1,2,597,1773,0.663,10,
Acer saccharum,6,2021,46,1,3,592,1481,0.600,10,
Acer saccharum,6,2021,46,1,4,643,2317,0.722,0,
Acer saccharum,6,2021,46,1,5,549,2025,0.729,0,
Acer saccharum,6,2021,46,1,6,577,1783,0.676,0,
Acer saccharum,6,2021,48,1,1,543,1398,0.612,30,
Acer saccharum,6,2021,48,1,2,558,1240,0.550,5,
Acer saccharum,6,2021,48,1,3,661,1922,0.656,0,
Acer saccharum,6,2021,48,1,4,587,1670,0.649,0,
Acer saccharum,6,2021,48,1,5,657,2640,0.751,0,
Acer saccharum,6,2021,48,1,6,601,1596,0.623,0,
Acer saccharum,6,2021,50,1,1,736,1897,0.612,10,
Acer saccharum,6,2021,50,1,2,580,1928,0.699,15,
Acer saccharum,6,2021,50,1,3,695,1785,0.611,5,
Acer saccharum,6,2021,50,1,4,626,2096,0.701,5,
Acer saccharum,6,2021,50,1,5,729,1858,0.608,0,
Acer saccharum,6,2021,50,1,6,718,2006,0.642,10,
Acer saccharum,6,2021,52,1,1,709,1757,0.596,100,
Acer saccharum,6,2021,52,1,2,651,1202,0.458,70,
Acer saccharum,6,2021,52,1,3,638,1614,0.605,50,
Acer saccharum,6,2021,52,1,4,550,1452,0.621,35,
Acer saccharum,6,2021,52,1,5,725,1539,0.529,50,
Acer saccharum,6,2021,52,1,6,656,1721,0.619,30,
Acer saccharum,6,2021,54,1,1,1183,1188,0.004,100,
Acer saccharum,6,2021,54,1,2,666,1353,0.508,100,
Acer saccharum,6,2021,54,1,3,981,985,0.004,100,
Acer saccharum,6,2021,54,1,4,1346,1352,0.004,100,
Acer saccharum,6,2021,54,1,5,717,1896,0.622,50,
Acer saccharum,6,2021,54,1,6,1154,1157,0.003,15,
Acer saccharum,6,2021,60,1,1,1024,1054,0.028,100,
Acer saccharum,6,2021,60,1,2,1128,1141,0.011,100,
Acer saccharum,6,2021,60,1,3,1395,1407,0.009,100,
Acer saccharum,6,2021,60,1,4,1433,1442,0.006,100,
Acer saccharum,6,2021,60,1,5,1560,1567,0.004,100,
Acer saccharum,6,2021,60,1,6,1457,1466,0.006,100,
Liriodendron tulipifera,6,2021,40,1,1,482,2473,0.805,0,
Liriodendron tulipifera,6,2021,40,1,2,587,2535,0.768,0,
Liriodendron tulipifera,6,2021,40,1,3,410,2410,0.830,0,
Liriodendron tulipifera,6,2021,40,1,4,543,2462,0.779,0,
Liriodendron tulipifera,6,2021,40,1,5,488,2870,0.830,0,
Liriodendron tulipifera,6,2021,40,1,6,444,2443,0.818,0,
Liriodendron tulipifera,6,2021,42,1,1,400,2465,0.838,0,
Liriodendron tulipifera,6,2021,42,1,2,431,2519,0.829,0,
Liriodendron tulipifera,6,2021,42,1,3,477,2556,0.813,5,
Liriodendron tulipifera,6,2021,42,1,4,483,2077,0.767,0,
Liriodendron tulipifera,6,2021,42,1,5,460,2308,0.801,0,
Liriodendron tulipifera,6,2021,42,1,6,411,2215,0.814,0,
Liriodendron tulipifera,6,2021,44,1,1,418,1848,0.774,5,
Liriodendron tulipifera,6,2021,44,1,2,459,2738,0.832,5,
Liriodendron tulipifera,6,2021,44,1,3,501,2098,0.761,5,
Liriodendron tulipifera,6,2021,44,1,4,529,1855,0.715,0,
Liriodendron tulipifera,6,2021,44,1,5,393,2085,0.812,5,
Liriodendron tulipifera,6,2021,44,1,6,368,2107,0.825,0,
Liriodendron tulipifera,6,2021,46,1,1,557,1623,0.657,5,
Liriodendron tulipifera,6,2021,46,1,2,588,1204,0.512,0,
Liriodendron tulipifera,6,2021,46,1,3,586,1374,0.574,5,
Liriodendron tulipifera,6,2021,46,1,4,604,1333,0.547,5,
Liriodendron tulipifera,6,2021,46,1,5,468,1155,0.595,5,
Liriodendron tulipifera,6,2021,46,1,6,537,1639,0.672,0,
Liriodendron tulipifera,6,2021,48,1,1,432,728,0.407,5,
Liriodendron tulipifera,6,2021,48,1,2,495,668,0.259,15,
Liriodendron tulipifera,6,2021,48,1,3,512,1665,0.692,0,
Liriodendron tulipifera,6,2021,48,1,4,515,910,0.434,0,
Liriodendron tulipifera,6,2021,48,1,5,536,1527,0.649,0,
Liriodendron tulipifera,6,2021,48,1,6,612,1763,0.653,0,
Liriodendron tulipifera,6,2021,50,1,1,808,1781,0.546,10,
Liriodendron tulipifera,6,2021,50,1,2,465,687,0.323,15,
Liriodendron tulipifera,6,2021,50,1,3,520,1168,0.555,35,
Liriodendron tulipifera,6,2021,50,1,4,584,1287,0.546,5,
Liriodendron tulipifera,6,2021,50,1,5,902,1700,0.469,0,
Liriodendron tulipifera,6,2021,50,1,6,581,1159,0.499,5,
Liriodendron tulipifera,6,2021,52,1,1,647,1276,0.493,15,
Liriodendron tulipifera,6,2021,52,1,2,614,1633,0.624,5,
Liriodendron tulipifera,6,2021,52,1,3,660,1298,0.492,5,
Liriodendron tulipifera,6,2021,52,1,4,858,1595,0.462,0,
Liriodendron tulipifera,6,2021,52,1,5,917,1304,0.297,35,
Liriodendron tulipifera,6,2021,52,1,6,596,1499,0.602,5,
Liriodendron tulipifera,6,2021,54,1,1,444,674,0.341,30,
Liriodendron tulipifera,6,2021,54,1,2,492,508,0.031,95,
Liriodendron tulipifera,6,2021,54,1,3,542,1442,0.624,25,
Liriodendron tulipifera,6,2021,54,1,4,909,1586,0.427,5,
Liriodendron tulipifera,6,2021,54,1,5,192,219,0.123,75,
Liriodendron tulipifera,6,2021,54,1,6,387,470,0.177,80,
Liriodendron tulipifera,6,2021,60,1,1,595,604,0.015,100,
Liriodendron tulipifera,6,2021,60,1,2,732,742,0.013,100,
Liriodendron tulipifera,6,2021,60,1,3,842,854,0.014,100,
Liriodendron tulipifera,6,2021,60,1,4,424,430,0.014,100,
Liriodendron tulipifera,6,2021,60,1,5,393,399,0.015,100,
Liriodendron tulipifera,6,2021,60,1,6,554,562,0.014,100,
Liriodendron tulipifera,8,2021,Control,1,1,612,3397,0.819,,Whole leaf control; 60% @ 4 sec
Liriodendron tulipifera,8,2021,Control,1,2,711,3936,0.819,,Whole leaf control; 60% @ 4 sec
Liriodendron tulipifera,8,2021,Control,1,3,690,3664,0.811,,Whole leaf control; 60% @ 4 sec
Liriodendron tulipifera,8,2021,Control,1,4,725,3549,0.795,,Whole leaf control; 60% @ 4 sec
Liriodendron tulipifera,8,2021,Control,1,5,706,3483,0.797,,Whole leaf control; 60% @ 4 sec
Liriodendron tulipifera,8,2021,Control,1,6,626,3123,0.799,,Whole leaf control; 60% @ 4 sec
Liriodendron tulipifera,8,2021,Control,1,1,450,2896,0.844,,Control; 40% @ 3 sec
Liriodendron tulipifera,8,2021,Control,1,2,418,2565,0.837,,Control; 40% @ 3 sec
Liriodendron tulipifera,8,2021,Control,1,3,474,3061,0.845,,Control; 40% @ 3 sec
Liriodendron tulipifera,8,2021,Control,1,4,445,2931,0.848,,Control; 40% @ 3 sec
Liriodendron tulipifera,8,2021,Control,1,5,466,2756,0.830,,Control; 40% @ 3 sec
Liriodendron tulipifera,8,2021,Control,1,6,452,2945,0.846,,Control; 40% @ 3 sec
Liriodendron tulipifera,8,2021,23,1,1,416,2496,0.833,,40% @ 3 sec
Liriodendron tulipifera,8,2021,23,1,2,437,2602,0.832,,40% @ 3 sec
Liriodendron tulipifera,8,2021,23,1,3,434,2260,0.807,,40% @ 3 sec
Liriodendron tulipifera,8,2021,23,1,4,429,2393,0.820,,40% @ 3 sec
Liriodendron tulipifera,8,2021,23,1,5,470,2581,0.817,,40% @ 3 sec
Liriodendron tulipifera,8,2021,23,1,6,431,2401,0.820,,40% @ 3 sec
Liriodendron tulipifera,8,2021,38,1,1,428,2397,0.821,,40% @ 3 sec
Liriodendron tulipifera,8,2021,38,1,2,423,2404,0.824,,40% @ 3 sec
Liriodendron tulipifera,8,2021,38,1,3,432,2478,0.825,,40% @ 3 sec
Liriodendron tulipifera,8,2021,38,1,4,442,2368,0.813,,40% @ 3 sec
Liriodendron tulipifera,8,2021,38,1,5,432,2615,0.834,,40% @ 3 sec
Liriodendron tulipifera,8,2021,38,1,6,442,2615,0.830,,40% @ 3 sec
Liriodendron tulipifera,8,2021,40,1,1,438,2489,0.824,,40% @ 3 sec
Liriodendron tulipifera,8,2021,40,1,2,437,2501,0.825,,40% @ 3 sec
Liriodendron tulipifera,8,2021,40,1,3,422,2428,0.826,,40% @ 3 sec
Liriodendron tulipifera,8,2021,40,1,4,425,2377,0.821,,40% @ 3 sec
Liriodendron tulipifera,8,2021,40,1,5,429,2383,0.819,,40% @ 3 sec
Liriodendron tulipifera,8,2021,40,1,6,445,2599,0.828,,40% @ 3 sec
Liriodendron tulipifera,8,2021,42,1,1,443,2565,0.827,,40% @ 3 sec
Liriodendron tulipifera,8,2021,42,1,2,437,2534,0.827,,40% @ 3 sec
Liriodendron tulipifera,8,2021,42,1,3,445,2592,0.828,,40% @ 3 sec
Liriodendron tulipifera,8,2021,42,1,4,471,2689,0.824,,40% @ 3 sec
Liriodendron tulipifera,8,2021,42,1,5,432,2412,0.820,,40% @ 3 sec
Liriodendron tulipifera,8,2021,42,1,6,443,2562,0.827,,40% @ 3 sec
Liriodendron tulipifera,8,2021,44,1,1,437,2748,0.840,,40% @ 3 sec
Liriodendron tulipifera,8,2021,44,1,2,416,2210,0.811,,40% @ 3 sec
Liriodendron tulipifera,8,2021,44,1,3,378,2271,0.833,,40% @ 3 sec
Liriodendron tulipifera,8,2021,44,1,4,431,2233,0.806,,40% @ 3 sec
Liriodendron tulipifera,8,2021,44,1,5,408,2232,0.817,,40% @ 3 sec
Liriodendron tulipifera,8,2021,44,1,6,436,2170,0.799,,40% @ 3 sec
Liriodendron tulipifera,8,2021,46,1,1,536,2016,0.734,,40% @ 3 sec
Liriodendron tulipifera,8,2021,46,1,2,498,2007,0.751,,40% @ 3 sec
Liriodendron tulipifera,8,2021,46,1,3,529,2095,0.747,,40% @ 3 sec
Liriodendron tulipifera,8,2021,46,1,4,520,2004,0.740,,40% @ 3 sec
Liriodendron tulipifera,8,2021,46,1,5,552,1303,0.576,,40% @ 3 sec
Liriodendron tulipifera,8,2021,46,1,6,373,2069,0.819,,40% @ 3 sec
Liriodendron tulipifera,8,2021,48,1,1,463,2066,0.775,,40% @ 3 sec
Liriodendron tulipifera,8,2021,48,1,2,585,1475,0.603,,40% @ 3 sec
Liriodendron tulipifera,8,2021,48,1,3,633,1759,0.640,,40% @ 3 sec
Liriodendron tulipifera,8,2021,48,1,4,602,1486,0.594,,40% @ 3 sec
Liriodendron tulipifera,8,2021,48,1,5,602,1814,0.668,,40% @ 3 sec
Liriodendron tulipifera,8,2021,48,1,6,595,1396,0.573,,40% @ 3 sec
Liriodendron tulipifera,8,2021,50,1,1,811,1645,0.506,,40% @ 3 sec
Liriodendron tulipifera,8,2021,50,1,2,820,1987,0.587,,40% @ 3 sec
Liriodendron tulipifera,8,2021,50,1,3,816,1446,0.435,,40% @ 3 sec
Liriodendron tulipifera,8,2021,50,1,4,742,2009,0.630,,40% @ 3 sec
Liriodendron tulipifera,8,2021,50,1,5,645,2010,0.679,,40% @ 3 sec
Liriodendron tulipifera,8,2021,50,1,6,735,1602,0.541,,40% @ 3 sec
Liriodendron tulipifera,8,2021,52,1,1,700,1927,0.636,,40% @ 3 sec
Liriodendron tulipifera,8,2021,52,1,2,602,1064,0.434,,40% @ 3 sec
Liriodendron tulipifera,8,2021,52,1,3,529,891,0.406,,40% @ 3 sec
Liriodendron tulipifera,8,2021,52,1,4,654,1159,0.435,,40% @ 3 sec
Liriodendron tulipifera,8,2021,52,1,5,617,1114,0.446,,40% @ 3 sec
Liriodendron tulipifera,8,2021,52,1,6,504,1635,0.691,,40% @ 3 sec
Liriodendron tulipifera,8,2021,54,1,1,380,448,0.151,,40% @ 3 sec
Liriodendron tulipifera,8,2021,54,1,2,322,392,0.178,,40% @ 3 sec
Liriodendron tulipifera,8,2021,54,1,3,865,2062,0.580,,40% @ 3 sec
Liriodendron tulipifera,8,2021,54,1,4,787,1496,0.473,,40% @ 3 sec
Liriodendron tulipifera,8,2021,54,1,5,901,1558,0.421,,40% @ 3 sec
Liriodendron tulipifera,8,2021,54,1,6,284,364,0.219,,40% @ 3 sec
Liriodendron tulipifera,8,2021,60,1,1,368,375,0.018,,40% @ 3 sec
Liriodendron tulipifera,8,2021,60,1,2,281,292,0.037,,40% @ 3 sec
Liriodendron tulipifera,8,2021,60,1,3,402,410,0.019,,40% @ 3 sec
Liriodendron tulipifera,8,2021,60,1,4,389,395,0.015,,40% @ 3 sec
Liriodendron tulipifera,8,2021,60,1,5,401,408,0.017,,40% @ 3 sec
Liriodendron tulipifera,8,2021,60,1,6,305,311,0.190,,40% @ 3 sec
Acer saccharum,8,2021,Control,1,1,760,3826,0.801,,Whole leaf control; 50% @ 4 sec
Acer saccharum,8,2021,Control,1,2,666,4018,0.834,,Whole leaf control; 50% @ 4 sec
Acer saccharum,8,2021,Control,1,3,630,3745,0.831,,Whole leaf control; 50% @ 4 sec
Acer saccharum,8,2021,Control,1,4,647,3647,0.822,,Whole leaf control; 50% @ 4 sec
Acer saccharum,8,2021,Control,1,5,585,3203,0.817,,Whole leaf control; 50% @ 4 sec
Acer saccharum,8,2021,Control,1,6,608,3672,0.834,,Whole leaf control; 50% @ 4 sec
Acer saccharum,8,2021,Control,1,1,588,3475,0.830,,Control; 50% @ 4 sec
Acer saccharum,8,2021,Control,1,2,604,3213,0.812,,Control; 50% @ 4 sec
Acer saccharum,8,2021,Control,1,3,573,3113,0.815,,Control; 50% @ 4 sec
Acer saccharum,8,2021,Control,1,4,678,3503,0.806,,Control; 50% @ 4 sec
Acer saccharum,8,2021,Control,1,5,624,3274,0.809,,Control; 50% @ 4 sec
Acer saccharum,8,2021,Control,1,6,613,3321,0.815,,Control; 50% @ 4 sec
Acer saccharum,8,2021,23,1,1,631,3299,0.808,,50% @ 4 sec
Acer saccharum,8,2021,23,1,2,633,3294,0.807,,50% @ 4 sec
Acer saccharum,8,2021,23,1,3,631,3179,0.801,,50% @ 4 sec
Acer saccharum,8,2021,23,1,4,626,3311,0.810,,50% @ 4 sec
Acer saccharum,8,2021,23,1,5,594,3072,0.806,,50% @ 4 sec
Acer saccharum,8,2021,23,1,6,615,3107,0.802,,50% @ 4 sec
Acer saccharum,8,2021,38,1,1,619,3088,0.799,,50% @ 4 sec
Acer saccharum,8,2021,38,1,2,626,3192,0.803,,50% @ 4 sec
Acer saccharum,8,2021,38,1,3,570,2930,0.805,,50% @ 4 sec
Acer saccharum,8,2021,38,1,4,606,3059,0.801,,50% @ 4 sec
Acer saccharum,8,2021,38,1,5,598,3072,0.805,,50% @ 4 sec
Acer saccharum,8,2021,38,1,6,599,2970,0.798,,50% @ 4 sec
Acer saccharum,8,2021,40,1,1,629,3361,0.812,,50% @ 4 sec
Acer saccharum,8,2021,40,1,2,609,3399,0.820,,50% @ 4 sec
Acer saccharum,8,2021,40,1,3,608,3380,0.820,,50% @ 4 sec
Acer saccharum,8,2021,40,1,4,532,3056,0.825,,50% @ 4 sec
Acer saccharum,8,2021,40,1,5,593,3332,0.822,,50% @ 4 sec
Acer saccharum,8,2021,40,1,6,569,3161,0.819,,50% @ 4 sec
Acer saccharum,8,2021,42,1,1,619,3052,0.797,,50% @ 4 sec
Acer saccharum,8,2021,42,1,2,609,3282,0.814,,50% @ 4 sec
Acer saccharum,8,2021,42,1,3,622,3350,0.814,,50% @ 4 sec
Acer saccharum,8,2021,42,1,4,638,3385,0.811,,50% @ 4 sec
Acer saccharum,8,2021,42,1,5,605,3018,0.799,,50% @ 4 sec
Acer saccharum,8,2021,42,1,6,562,3007,0.813,,50% @ 4 sec
Acer saccharum,8,2021,44,1,1,632,2863,0.779,,50% @ 4 sec
Acer saccharum,8,2021,44,1,2,637,2991,0.787,,50% @ 4 sec
Acer saccharum,8,2021,44,1,3,627,3211,0.804,,50% @ 4 sec
Acer saccharum,8,2021,44,1,4,611,2716,0.775,,50% @ 4 sec
Acer saccharum,8,2021,44,1,5,623,3040,0.795,,50% @ 4 sec
Acer saccharum,8,2021,44,1,6,619,3196,0.806,,50% @ 4 sec
Acer saccharum,8,2021,46,1,1,574,1916,0.700,,50% @ 4 sec
Acer saccharum,8,2021,46,1,2,671,2158,0.689,,50% @ 4 sec
Acer saccharum,8,2021,46,1,3,729,2249,0.675,,50% @ 4 sec
Acer saccharum,8,2021,46,1,4,666,1659,0.598,,50% @ 4 sec
Acer saccharum,8,2021,46,1,5,596,3162,0.811,,50% @ 4 sec
Acer saccharum,8,2021,46,1,6,657,3066,0.785,,50% @ 4 sec
Acer saccharum,8,2021,48,1,1,724,2679,0.729,,50% @ 4 sec
Acer saccharum,8,2021,48,1,2,599,2104,0.715,,50% @ 4 sec
Acer saccharum,8,2021,48,1,3,693,2448,0.716,,50% @ 4 sec
Acer saccharum,8,2021,48,1,4,728,2843,0.743,,50% @ 4 sec
Acer saccharum,8,2021,48,1,5,686,2443,0.719,,50% @ 4 sec
Acer saccharum,8,2021,48,1,6,640,2726,0.765,,50% @ 4 sec
Acer saccharum,8,2021,50,1,1,741,2402,0.691,,50% @ 4 sec
Acer saccharum,8,2021,50,1,2,725,2510,0.711,,50% @ 4 sec
Acer saccharum,8,2021,50,1,3,616,3511,0.824,,50% @ 4 sec
Acer saccharum,8,2021,50,1,4,709,2113,0.664,,50% @ 4 sec
Acer saccharum,8,2021,50,1,5,758,2423,0.687,,50% @ 4 sec
Acer saccharum,8,2021,50,1,6,761,2103,0.638,,50% @ 4 sec
Acer saccharum,8,2021,52,1,1,817,1677,0.512,,50% @ 4 sec
Acer saccharum,8,2021,52,1,2,768,2147,0.642,,50% @ 4 sec
Acer saccharum,8,2021,52,1,3,618,3059,0.797,,50% @ 4 sec
Acer saccharum,8,2021,52,1,4,837,1989,0.579,,50% @ 4 sec
Acer saccharum,8,2021,52,1,5,707,1745,0.594,,50% @ 4 sec
Acer saccharum,8,2021,52,1,6,748,2074,0.639,,50% @ 4 sec
Acer saccharum,8,2021,54,1,1,765,2394,0.680,,50% @ 4 sec
Acer saccharum,8,2021,54,1,2,1577,1590,0.008,,50% @ 4 sec
Acer saccharum,8,2021,54,1,3,691,2229,0.689,,50% @ 4 sec
Acer saccharum,8,2021,54,1,4,1457,1456,0.006,,50% @ 4 sec
Acer saccharum,8,2021,54,1,5,1383,1402,0.013,,50% @ 4 sec
Acer saccharum,8,2021,54,1,6,1203,1298,0.073,,50% @ 4 sec
Acer saccharum,8,2021,60,1,1,1014,1031,0.016,,50% @ 4 sec
Acer saccharum,8,2021,60,1,2,1190,1201,0.009,,50% @ 4 sec
Acer saccharum,8,2021,60,1,3,1010,1039,0.027,,50% @ 4 sec
Acer saccharum,8,2021,60,1,4,1157,1189,0.026,,50% @ 4 sec
Acer saccharum,8,2021,60,1,5,1309,1323,0.010,,50% @ 4 sec
Acer saccharum,8,2021,60,1,6,1205,1221,0.013,,50% @ 4 sec
Quercus pagoda,8,2021,Control,1,1,599,3572,0.832,,Whole leaf control; 50% @ 4 sec
Quercus pagoda,8,2021,Control,1,2,617,3353,0.815,,Whole leaf control; 50% @ 4 sec
Quercus pagoda,8,2021,Control,1,3,622,3341,0.813,,Whole leaf control; 50% @ 4 sec
Quercus pagoda,8,2021,Control,1,4,642,3307,0.805,,Whole leaf control; 50% @ 4 sec
Quercus pagoda,8,2021,Control,1,5,603,3196,0.811,,Whole leaf control; 50% @ 4 sec
Quercus pagoda,8,2021,Control,1,6,619,3114,0.801,,Whole leaf control; 50% @ 4 sec
Quercus pagoda,8,2021,Control,1,1,595,2350,0.746,,Control; 50% @ 4 sec
Quercus pagoda,8,2021,Control,1,2,515,2737,0.811,,Control; 50% @ 4 sec
Quercus pagoda,8,2021,Control,1,3,566,2977,0.809,,Control; 50% @ 4 sec
Quercus pagoda,8,2021,Control,1,4,580,3027,0.808,,Control; 50% @ 4 sec
Quercus pagoda,8,2021,Control,1,5,554,2768,0.799,,Control; 50% @ 4 sec
Quercus pagoda,8,2021,Control,1,6,626,3185,0.803,,Control; 50% @ 4 sec
Quercus pagoda,8,2021,23,1,1,521,2656,0.803,,50% @ 4 sec
Quercus pagoda,8,2021,23,1,2,508,2646,0.808,,50% @ 4 sec
Quercus pagoda,8,2021,23,1,3,519,2690,0.807,,50% @ 4 sec
Quercus pagoda,8,2021,23,1,4,525,2765,0.810,,50% @ 4 sec
Quercus pagoda,8,2021,23,1,5,605,3086,0.803,,50% @ 4 sec
Quercus pagoda,8,2021,23,1,6,565,2971,0.809,,50% @ 4 sec
Quercus pagoda,8,2021,38,1,1,517,2879,0.820,,50% @ 4 sec
Quercus pagoda,8,2021,38,1,2,506,2450,0.793,,50% @ 4 sec
Quercus pagoda,8,2021,38,1,3,545,3131,0.825,,50% @ 4 sec
Quercus pagoda,8,2021,38,1,4,582,2968,0.803,,50% @ 4 sec
Quercus pagoda,8,2021,38,1,5,502,2787,0.819,,50% @ 4 sec
Quercus pagoda,8,2021,38,1,6,553,2921,0.810,,50% @ 4 sec
Quercus pagoda,8,2021,40,1,1,582,2800,0.792,,50% @ 4 sec
Quercus pagoda,8,2021,40,1,2,522,2694,0.806,,50% @ 4 sec
Quercus pagoda,8,2021,40,1,3,577,2896,0.800,,50% @ 4 sec
Quercus pagoda,8,2021,40,1,4,586,2909,0.798,,50% @ 4 sec
Quercus pagoda,8,2021,40,1,5,547,2832,0.806,,50% @ 4 sec
Quercus pagoda,8,2021,40,1,6,540,2736,0.802,,50% @ 4 sec
Quercus pagoda,8,2021,42,1,1,578,3059,0.811,,50% @ 4 sec
Quercus pagoda,8,2021,42,1,2,537,2833,0.810,,50% @ 4 sec
Quercus pagoda,8,2021,42,1,3,490,2629,0.813,,50% @ 4 sec
Quercus pagoda,8,2021,42,1,4,572,2918,0.803,,50% @ 4 sec
Quercus pagoda,8,2021,42,1,5,572,3128,0.817,,50% @ 4 sec
Quercus pagoda,8,2021,42,1,6,572,3070,0.813,,50% @ 4 sec
Quercus pagoda,8,2021,44,1,1,498,2632,0.810,,50% @ 4 sec
Quercus pagoda,8,2021,44,1,2,559,2984,0.812,,50% @ 4 sec
Quercus pagoda,8,2021,44,1,3,574,2869,0.799,,50% @ 4 sec
Quercus pagoda,8,2021,44,1,4,515,2714,0.810,,50% @ 4 sec
Quercus pagoda,8,2021,44,1,5,523,3074,0.829,,50% @ 4 sec
Quercus pagoda,8,2021,44,1,6,529,3220,0.835,,50% @ 4 sec
Quercus pagoda,8,2021,46,1,1,508,2504,0.797,,50% @ 4 sec
Quercus pagoda,8,2021,46,1,2,549,2865,0.808,,50% @ 4 sec
Quercus pagoda,8,2021,46,1,3,533,3286,0.837,,50% @ 4 sec
Quercus pagoda,8,2021,46,1,4,633,2780,0.772,,50% @ 4 sec
Quercus pagoda,8,2021,46,1,5,515,2559,0.798,,50% @ 4 sec
Quercus pagoda,8,2021,46,1,6,609,2655,0.770,,50% @ 4 sec
Quercus pagoda,8,2021,48,1,1,529,1237,0.572,,50% @ 4 sec
Quercus pagoda,8,2021,48,1,2,560,1857,0.698,,50% @ 4 sec
Quercus pagoda,8,2021,48,1,3,662,1836,0.639,,50% @ 4 sec
Quercus pagoda,8,2021,48,1,4,495,1494,0.668,,50% @ 4 sec
Quercus pagoda,8,2021,48,1,5,572,1499,0.618,,50% @ 4 sec
Quercus pagoda,8,2021,48,1,6,679,1798,0.622,,50% @ 4 sec
Quercus pagoda,8,2021,50,1,1,601,2976,0.798,,50% @ 4 sec
Quercus pagoda,8,2021,50,1,2,834,2929,0.715,,50% @ 4 sec
Quercus pagoda,8,2021,50,1,3,809,3593,0.774,,50% @ 4 sec
Quercus pagoda,8,2021,50,1,4,720,3175,0.773,,50% @ 4 sec
Quercus pagoda,8,2021,50,1,5,712,3205,0.777,,50% @ 4 sec
Quercus pagoda,8,2021,50,1,6,767,3166,0.757,,50% @ 4 sec
Quercus pagoda,8,2021,52,1,1,894,2252,0.603,,50% @ 4 sec
Quercus pagoda,8,2021,52,1,2,556,2777,0.799,,50% @ 4 sec
Quercus pagoda,8,2021,52,1,3,868,2425,0.642,,50% @ 4 sec
Quercus pagoda,8,2021,52,1,4,1043,2711,0.615,,50% @ 4 sec
Quercus pagoda,8,2021,52,1,5,654,2499,0.738,,50% @ 4 sec
Quercus pagoda,8,2021,52,1,6,1064,2787,0.718,,50% @ 4 sec
Quercus pagoda,8,2021,54,1,1,1153,2293,0.497,,50% @ 4 sec
Quercus pagoda,8,2021,54,1,2,1046,2573,0.593,,50% @ 4 sec
Quercus pagoda,8,2021,54,1,3,1236,2292,0.460,,50% @ 4 sec
Quercus pagoda,8,2021,54,1,4,716,2461,0.709,,50% @ 4 sec
Quercus pagoda,8,2021,54,1,5,1220,1690,0.278,,50% @ 4 sec
Quercus pagoda,8,2021,54,1,6,1423,2504,0.439,,50% @ 4 sec
Quercus pagoda,8,2021,60,1,1,1274,1280,0.004,,50% @ 4 sec
Quercus pagoda,8,2021,60,1,2,1244,1249,0.004,,50% @ 4 sec
Quercus pagoda,8,2021,60,1,3,1155,1162,0.006,,50% @ 4 sec
Quercus pagoda,8,2021,60,1,4,1303,1308,0.003,,50% @ 4 sec
Quercus pagoda,8,2021,60,1,5,1321,1327,0.004,,50% @ 4 sec
Quercus pagoda,8,2021,60,1,6,1205,1210,0.004,,50% @ 4 sec
Liquidambar styraciflua,6,2022,23,1,1,243,1259,0.806,,50% @ 1 sec
Liquidambar styraciflua,6,2022,23,2,1,238,1280,0.814,,50% @ 1 sec
Liquidambar styraciflua,6,2022,23,3,1,225,1244,0.819,,50% @ 1 sec
Liquidambar styraciflua,6,2022,23,4,1,224,1243,0.819,,50% @ 1 sec
Liquidambar styraciflua,6,2022,23,5,1,239,1298,0.815,,50% @ 1 sec
Liquidambar styraciflua,6,2022,23,6,1,288,1122,0.743,,50% @ 1 sec
Liquidambar styraciflua,6,2022,38,1,1,219,991,0.779,,50% @ 1 sec
Liquidambar styraciflua,6,2022,38,2,1,253,754,0.664,,50% @ 1 sec
Liquidambar styraciflua,6,2022,38,3,1,238,1259,0.810,,50% @ 1 sec
Liquidambar styraciflua,6,2022,38,4,1,232,1250,0.814,,50% @ 1 sec
Liquidambar styraciflua,6,2022,38,5,1,249,1152,0.783,,50% @ 1 sec
Liquidambar styraciflua,6,2022,38,6,1,265,1186,0.776,,50% @ 1 sec
Liquidambar styraciflua,6,2022,40,1,1,244,1179,0.793,,50% @ 1 sec
Liquidambar styraciflua,6,2022,40,2,1,226,1263,0.821,,50% @ 1 sec
Liquidambar styraciflua,6,2022,40,3,1,243,1196,0.796,,50% @ 1 sec
Liquidambar styraciflua,6,2022,40,4,1,235,1184,0.801,,50% @ 1 sec
Liquidambar styraciflua,6,2022,40,5,1,238,1133,0.789,,50% @ 1 sec
Liquidambar styraciflua,6,2022,40,6,1,280,1124,0.750,,50% @ 1 sec
Liquidambar styraciflua,6,2022,42,1,1,217,1107,0.803,,50% @ 1 sec
Liquidambar styraciflua,6,2022,42,2,1,231,1241,0.813,,50% @ 1 sec
Liquidambar styraciflua,6,2022,42,3,1,221,1057,0.790,,50% @ 1 sec
Liquidambar styraciflua,6,2022,42,4,1,232,1199,0.806,,50% @ 1 sec
Liquidambar styraciflua,6,2022,42,5,1,247,1036,0.761,,50% @ 1 sec
Liquidambar styraciflua,6,2022,42,6,1,302,968,0.688,,50% @ 1 sec
Liquidambar styraciflua,6,2022,44,1,1,271,1080,0.749,,50% @ 1 sec
Liquidambar styraciflua,6,2022,44,2,1,234,1156,0.797,,50% @ 1 sec
Liquidambar styraciflua,6,2022,44,3,1,237,1200,0.802,,50% @ 1 sec
Liquidambar styraciflua,6,2022,44,4,1,246,1169,0.789,,50% @ 1 sec
Liquidambar styraciflua,6,2022,44,5,1,229,1093,0.790,,50% @ 1 sec
Liquidambar styraciflua,6,2022,44,6,1,249,1265,0.803,,50% @ 1 sec
Liquidambar styraciflua,6,2022,46,1,1,230,945,0.756,,50% @ 1 sec
Liquidambar styraciflua,6,2022,46,2,1,252,1013,0.751,,50% @ 1 sec
Liquidambar styraciflua,6,2022,46,3,1,243,897,0.729,,50% @ 1 sec
Liquidambar styraciflua,6,2022,46,4,1,245,1028,0.761,,50% @ 1 sec
Liquidambar styraciflua,6,2022,46,5,1,257,1008,0.745,,50% @ 1 sec
Liquidambar styraciflua,6,2022,46,6,1,281,921,0.694,,50% @ 1 sec
Liquidambar styraciflua,6,2022,48,1,1,290,837,0.653,,50% @ 1 sec
Liquidambar styraciflua,6,2022,48,2,1,280,656,0.573,,50% @ 1 sec
Liquidambar styraciflua,6,2022,48,3,1,302,678,0.554,,50% @ 1 sec
Liquidambar styraciflua,6,2022,48,4,1,275,803,0.657,,50% @ 1 sec
Liquidambar styraciflua,6,2022,48,5,1,286,784,0.635,,50% @ 1 sec
Liquidambar styraciflua,6,2022,48,6,1,331,998,0.668,,50% @ 1 sec
Liquidambar styraciflua,6,2022,50,1,1,294,630,0.533,,50% @ 1 sec
Liquidambar styraciflua,6,2022,50,2,1,283,896,0.684,,50% @ 1 sec
Liquidambar styraciflua,6,2022,50,3,1,352,925,0.619,,50% @ 1 sec
Liquidambar styraciflua,6,2022,50,4,1,299,807,0.629,,50% @ 1 sec
Liquidambar styraciflua,6,2022,50,5,1,300,562,0.466,,50% @ 1 sec
Liquidambar styraciflua,6,2022,50,6,1,489,600,0.185,,50% @ 1 sec
Liquidambar styraciflua,6,2022,52,1,1,470,484,0.028,,50% @ 1 sec
Liquidambar styraciflua,6,2022,52,2,1,328,918,0.642,,50% @ 1 sec
Liquidambar styraciflua,6,2022,52,3,1,332,891,0.627,,50% @ 1 sec
Liquidambar styraciflua,6,2022,52,4,1,448,540,0.170,,50% @ 1 sec
Liquidambar styraciflua,6,2022,52,5,1,315,882,0.642,,50% @ 1 sec
Liquidambar styraciflua,6,2022,52,6,1,300,917,0.672,,50% @ 1 sec
Liquidambar styraciflua,6,2022,54,1,1,538,538,0.000,,50% @ 1 sec
Liquidambar styraciflua,6,2022,54,2,1,668,668,0.000,,50% @ 1 sec
Liquidambar styraciflua,6,2022,54,3,1,390,480,0.187,,50% @ 1 sec
Liquidambar styraciflua,6,2022,54,4,1,302,651,0.536,,50% @ 1 sec
Liquidambar styraciflua,6,2022,54,5,1,340,980,0.653,,50% @ 1 sec
Liquidambar styraciflua,6,2022,54,6,1,373,669,0.442,,50% @ 1 sec
Liquidambar styraciflua,6,2022,60,1,1,339,340,0.002,,50% @ 1 sec
Liquidambar styraciflua,6,2022,60,2,1,369,371,0.005,,50% @ 1 sec
Liquidambar styraciflua,6,2022,60,3,1,363,363,0.000,,50% @ 1 sec
Liquidambar styraciflua,6,2022,60,4,1,389,389,0.000,,50% @ 1 sec
Liquidambar styraciflua,6,2022,60,5,1,452,452,0.000,,50% @ 1 sec
Liquidambar styraciflua,6,2022,60,6,1,526,526,0.000,,50% @ 1 sec
Liriodendron tulipifera,6,2022,23,1,1,258,1069,0.758,,50% @ 1 sec
Liriodendron tulipifera,6,2022,23,2,1,177,859,0.793,,50% @ 1 sec
Liriodendron tulipifera,6,2022,23,3,1,229,1200,0.809,,50% @ 1 sec
Liriodendron tulipifera,6,2022,23,4,1,193,513,0.623,,50% @ 1 sec
Liriodendron tulipifera,6,2022,23,5,1,200,828,0.758,,50% @ 1 sec
Liriodendron tulipifera,6,2022,23,6,1,221,1234,0.820,,50% @ 1 sec
Liriodendron tulipifera,6,2022,38,1,1,256,1029,0.751,,50% @ 1 sec
Liriodendron tulipifera,6,2022,38,2,1,263,1413,0.813,,50% @ 1 sec
Liriodendron tulipifera,6,2022,38,3,1,254,1162,0.781,,50% @ 1 sec
Liriodendron tulipifera,6,2022,38,4,1,242,1014,0.761,,50% @ 1 sec
Liriodendron tulipifera,6,2022,38,5,1,223,1211,0.815,,50% @ 1 sec
Liriodendron tulipifera,6,2022,38,6,1,214,684,0.687,,50% @ 1 sec
Liriodendron tulipifera,6,2022,40,1,1,258,1008,0.744,,50% @ 1 sec
Liriodendron tulipifera,6,2022,40,2,1,197,885,0.777,,50% @ 1 sec
Liriodendron tulipifera,6,2022,40,3,1,218,1153,0.810,,50% @ 1 sec
Liriodendron tulipifera,6,2022,40,4,1,239,903,0.735,,50% @ 1 sec
Liriodendron tulipifera,6,2022,40,5,1,216,256,0.156,,50% @ 1 sec
Liriodendron tulipifera,6,2022,40,6,1,241,1250,0.807,,50% @ 1 sec
Liriodendron tulipifera,6,2022,42,1,1,238,909,0.738,,50% @ 1 sec
Liriodendron tulipifera,6,2022,42,2,1,241,1282,0.812,,50% @ 1 sec
Liriodendron tulipifera,6,2022,42,3,1,242,925,0.738,,50% @ 1 sec
Liriodendron tulipifera,6,2022,42,4,1,248,947,0.738,,50% @ 1 sec
Liriodendron tulipifera,6,2022,42,5,1,209,1082,0.806,,50% @ 1 sec
Liriodendron tulipifera,6,2022,42,6,1,241,1302,0.814,,50% @ 1 sec
Liriodendron tulipifera,6,2022,44,1,1,244,896,0.727,,50% @ 1 sec
Liriodendron tulipifera,6,2022,44,2,1,207,976,0.787,,50% @ 1 sec
Liriodendron tulipifera,6,2022,44,3,1,242,1094,0.778,,50% @ 1 sec
Liriodendron tulipifera,6,2022,44,4,1,193,719,0.731,,50% @ 1 sec
Liriodendron tulipifera,6,2022,44,5,1,272,1003,0.728,,50% @ 1 sec
Liriodendron tulipifera,6,2022,44,6,1,253,1246,0.796,,50% @ 1 sec
Liriodendron tulipifera,6,2022,46,1,1,306,581,0.473,,50% @ 1 sec
Liriodendron tulipifera,6,2022,46,2,1,203,662,0.693,,50% @ 1 sec
Liriodendron tulipifera,6,2022,46,3,1,225,646,0.651,,50% @ 1 sec
Liriodendron tulipifera,6,2022,46,4,1,244,832,0.706,,50% @ 1 sec
Liriodendron tulipifera,6,2022,46,5,1,266,933,0.714,,50% @ 1 sec
Liriodendron tulipifera,6,2022,46,6,1,250,1181,0.788,,50% @ 1 sec
Liriodendron tulipifera,6,2022,48,1,1,279,438,0.363,,50% @ 1 sec
Liriodendron tulipifera,6,2022,48,2,1,196,389,0.496,,50% @ 1 sec
Liriodendron tulipifera,6,2022,48,3,1,219,541,0.595,,50% @ 1 sec
Liriodendron tulipifera,6,2022,48,4,1,227,520,0.563,,50% @ 1 sec
Liriodendron tulipifera,6,2022,48,5,1,197,548,0.640,,50% @ 1 sec
Liriodendron tulipifera,6,2022,48,6,1,219,956,0.770,,50% @ 1 sec
Liriodendron tulipifera,6,2022,50,1,1,465,623,0.253,,50% @ 1 sec
Liriodendron tulipifera,6,2022,50,2,1,326,831,0.607,,50% @ 1 sec
Liriodendron tulipifera,6,2022,50,3,1,311,716,0.565,,50% @ 1 sec
Liriodendron tulipifera,6,2022,50,4,1,310,701,0.557,,50% @ 1 sec
Liriodendron tulipifera,6,2022,50,5,1,382,517,0.261,,50% @ 1 sec
Liriodendron tulipifera,6,2022,50,6,1,419,774,0.458,,50% @ 1 sec
Liriodendron tulipifera,6,2022,52,1,1,316,894,0.646,,50% @ 1 sec
Liriodendron tulipifera,6,2022,52,2,1,130,142,0.084,,50% @ 1 sec
Liriodendron tulipifera,6,2022,52,3,1,144,151,0.046,,50% @ 1 sec
Liriodendron tulipifera,6,2022,52,4,1,208,214,0.028,,50% @ 1 sec
Liriodendron tulipifera,6,2022,52,5,1,309,851,0.636,,50% @ 1 sec
Liriodendron tulipifera,6,2022,52,6,1,258,283,0.088,,50% @ 1 sec
Liriodendron tulipifera,6,2022,54,1,1,130,139,0.064,,50% @ 1 sec
Liriodendron tulipifera,6,2022,54,2,1,133,152,0.125,,50% @ 1 sec
Liriodendron tulipifera,6,2022,54,3,1,200,248,0.193,,50% @ 1 sec
Liriodendron tulipifera,6,2022,54,4,1,262,264,0.007,,50% @ 1 sec
Liriodendron tulipifera,6,2022,54,5,1,198,494,0.599,,50% @ 1 sec
Liriodendron tulipifera,6,2022,54,6,1,284,284,0.000,,50% @ 1 sec
Liriodendron tulipifera,6,2022,60,1,1,273,273,0.000,,50% @ 1 sec
Liriodendron tulipifera,6,2022,60,2,1,151,153,0.013,,50% @ 1 sec
Liriodendron tulipifera,6,2022,60,3,1,342,342,0.000,,50% @ 1 sec
Liriodendron tulipifera,6,2022,60,4,1,411,411,0.000,,50% @ 1 sec
Liriodendron tulipifera,6,2022,60,5,1,198,198,0.000,,50% @ 1 sec
Quercus montana,6,2022,23,1,1,238,1068,0.777,,50% @ 1 sec
Quercus montana,6,2022,23,2,1,244,1170,0.791,,50% @ 1 sec
Quercus montana,6,2022,23,3,1,201,972,0.793,,50% @ 1 sec
Quercus montana,6,2022,23,4,1,222,1083,0.795,,50% @ 1 sec
Quercus montana,6,2022,23,5,1,227,1068,0.787,,50% @ 1 sec
Quercus montana,6,2022,23,6,1,248,1210,0.795,,50% @ 1 sec
Quercus montana,6,2022,38,1,1,221,1052,0.789,,50% @ 1 sec
Quercus montana,6,2022,38,2,1,245,1065,0.769,,50% @ 1 sec
Quercus montana,6,2022,38,3,1,187,912,0.794,,50% @ 1 sec
Quercus montana,6,2022,38,4,1,228,1004,0.772,,50% @ 1 sec
Quercus montana,6,2022,38,5,1,215,1062,0.797,,50% @ 1 sec
Quercus montana,6,2022,38,6,1,238,1184,0.798,,50% @ 1 sec
Quercus montana,6,2022,40,1,1,207,966,0.785,,50% @ 1 sec
Quercus montana,6,2022,40,2,1,268,673,0.601,,50% @ 1 sec
Quercus montana,6,2022,40,3,1,201,990,0.796,,50% @ 1 sec
Quercus montana,6,2022,40,4,1,234,966,0.757,,50% @ 1 sec
Quercus montana,6,2022,40,5,1,227,1109,0.795,,50% @ 1 sec
Quercus montana,6,2022,40,6,1,238,1122,0.787,,50% @ 1 sec
Quercus montana,6,2022,42,1,1,211,975,0.783,,50% @ 1 sec
Quercus montana,6,2022,42,2,1,211,877,0.759,,50% @ 1 sec
Quercus montana,6,2022,42,3,1,261,572,0.543,,50% @ 1 sec
Quercus montana,6,2022,42,4,1,199,901,0.779,,50% @ 1 sec
Quercus montana,6,2022,42,5,1,228,1061,0.785,,50% @ 1 sec
Quercus montana,6,2022,42,6,1,244,1059,0.769,,50% @ 1 sec
Quercus montana,6,2022,44,1,1,230,997,0.769,,50% @ 1 sec
Quercus montana,6,2022,44,2,1,217,1008,0.784,,50% @ 1 sec
Quercus montana,6,2022,44,3,1,192,905,0.787,,50% @ 1 sec
Quercus montana,6,2022,44,4,1,233,1143,0.796,,50% @ 1 sec
Quercus montana,6,2022,44,5,1,246,1008,0.755,,50% @ 1 sec
Quercus montana,6,2022,44,6,1,250,1179,0.787,,50% @ 1 sec
Quercus montana,6,2022,46,1,1,257,853,0.698,,50% @ 1 sec
Quercus montana,6,2022,46,2,1,233,980,0.762,,50% @ 1 sec
Quercus montana,6,2022,46,3,1,219,1001,0.781,,50% @ 1 sec
Quercus montana,6,2022,46,4,1,239,971,0.753,,50% @ 1 sec
Quercus montana,6,2022,46,5,1,257,907,0.716,,50% @ 1 sec
Quercus montana,6,2022,46,6,1,269,1176,0.771,,50% @ 1 sec
Quercus montana,6,2022,48,1,1,252,844,0.701,,50% @ 1 sec
Quercus montana,6,2022,48,2,1,150,349,0.570,,50% @ 1 sec
Quercus montana,6,2022,48,3,1,230,966,0.761,,50% @ 1 sec
Quercus montana,6,2022,48,4,1,227,860,0.736,,50% @ 1 sec
Quercus montana,6,2022,48,5,1,259,628,0.587,,50% @ 1 sec
Quercus montana,6,2022,48,6,1,117,136,0.139,,50% @ 1 sec
Quercus montana,6,2022,50,1,1,268,849,0.684,,50% @ 1 sec
Quercus montana,6,2022,50,2,1,278,669,0.584,,50% @ 1 sec
Quercus montana,6,2022,50,3,1,271,780,0.652,,50% @ 1 sec
Quercus montana,6,2022,50,4,1,266,768,0.653,,50% @ 1 sec
Quercus montana,6,2022,50,5,1,168,302,0.443,,50% @ 1 sec
Quercus montana,6,2022,50,6,1,217,691,0.685,,50% @ 1 sec
Quercus montana,6,2022,52,1,1,208,260,0.200,,50% @ 1 sec
Quercus montana,6,2022,52,2,1,218,623,0.650,,50% @ 1 sec
Quercus montana,6,2022,52,3,1,333,825,0.596,,50% @ 1 sec
Quercus montana,6,2022,52,4,1,313,696,0.550,,50% @ 1 sec
Quercus montana,6,2022,52,5,1,158,178,0.112,,50% @ 1 sec
Quercus montana,6,2022,52,6,1,234,494,0.526,,50% @ 1 sec
Quercus montana,6,2022,54,1,1,209,284,0.264,,50% @ 1 sec
Quercus montana,6,2022,54,2,1,134,149,0.100,,50% @ 1 sec
Quercus montana,6,2022,54,3,1,354,604,0.413,,50% @ 1 sec
Quercus montana,6,2022,54,4,1,268,857,0.687,,50% @ 1 sec
Quercus montana,6,2022,54,5,1,273,894,0.694,,50% @ 1 sec
Quercus montana,6,2022,54,6,1,172,389,0.557,,50% @ 1 sec
Quercus montana,6,2022,60,1,1,367,367,0.000,,50% @ 1 sec
Quercus montana,6,2022,60,2,1,274,278,0.014,,50% @ 1 sec
Quercus montana,6,2022,60,3,1,232,241,0.037,,50% @ 1 sec
Quercus montana,6,2022,60,4,1,242,242,0.000,,50% @ 1 sec
Quercus montana,6,2022,60,5,1,557,557,0.000,,50% @ 1 sec
Quercus montana,6,2022,60,6,1,245,245,0.000,,50% @ 1 sec
Prunus serotina,6,2022,23,1,1,243,1295,0.812,,50% @ 1 sec
Prunus serotina,6,2022,23,2,1,213,861,0.752,,50% @ 1 sec
Prunus serotina,6,2022,23,3,1,217,1108,0.804,,50% @ 1 sec
Prunus serotina,6,2022,23,4,1,245,1264,0.806,,50% @ 1 sec
Prunus serotina,6,2022,23,5,1,210,928,0.773,,50% @ 1 sec
Prunus serotina,6,2022,23,6,1,215,1023,0.789,,50% @ 1 sec
Prunus serotina,6,2022,38,1,1,259,744,0.651,,50% @ 1 sec
Prunus serotina,6,2022,38,2,1,260,788,0.670,,50% @ 1 sec
Prunus serotina,6,2022,38,3,1,232,1006,0.769,,50% @ 1 sec
Prunus serotina,6,2022,38,4,1,212,949,0.776,,50% @ 1 sec
Prunus serotina,6,2022,38,5,1,249,891,0.720,,50% @ 1 sec
Prunus serotina,6,2022,38,6,1,233,870,0.732,,50% @ 1 sec
Prunus serotina,6,2022,40,1,1,283,1061,0.733,,50% @ 1 sec
Prunus serotina,6,2022,40,2,1,213,987,0.784,,50% @ 1 sec
Prunus serotina,6,2022,40,3,1,212,1006,0.789,,50% @ 1 sec
Prunus serotina,6,2022,40,4,1,225,1239,0.818,,50% @ 1 sec
Prunus serotina,6,2022,40,5,1,228,1131,0.798,,50% @ 1 sec
Prunus serotina,6,2022,40,6,1,256,869,0.705,,50% @ 1 sec
Prunus serotina,6,2022,42,1,1,256,1028,0.750,,50% @ 1 sec
Prunus serotina,6,2022,42,2,1,232,883,0.737,,50% @ 1 sec
Prunus serotina,6,2022,42,3,1,427,831,0.486,,50% @ 1 sec
Prunus serotina,6,2022,42,4,1,240,818,0.706,,50% @ 1 sec
Prunus serotina,6,2022,42,5,1,239,1141,0.790,,50% @ 1 sec
Prunus serotina,6,2022,42,6,1,278,550,0.494,,50% @ 1 sec
Prunus serotina,6,2022,44,1,1,257,1113,0.769,,50% @ 1 sec
Prunus serotina,6,2022,44,2,1,188,727,0.741,,50% @ 1 sec
Prunus serotina,6,2022,44,3,1,222,960,0.768,,50% @ 1 sec
Prunus serotina,6,2022,44,4,1,229,1054,0.782,,50% @ 1 sec
Prunus serotina,6,2022,44,5,1,279,786,0.645,,50% @ 1 sec
Prunus serotina,6,2022,44,6,1,244,959,0.745,,50% @ 1 sec
Prunus serotina,6,2022,46,1,1,247,897,0.724,,50% @ 1 sec
Prunus serotina,6,2022,46,2,1,236,509,0.536,,50% @ 1 sec
Prunus serotina,6,2022,46,3,1,283,967,0.707,,50% @ 1 sec
Prunus serotina,6,2022,46,4,1,252,863,0.707,,50% @ 1 sec
Prunus serotina,6,2022,46,5,1,272,958,0.716,,50% @ 1 sec
Prunus serotina,6,2022,46,6,1,315,627,0.497,,50% @ 1 sec
Prunus serotina,6,2022,48,1,1,260,828,0.685,,50% @ 1 sec
Prunus serotina,6,2022,48,2,1,256,509,0.497,,50% @ 1 sec
Prunus serotina,6,2022,48,3,1,214,435,0.508,,50% @ 1 sec
Prunus serotina,6,2022,48,4,1,283,758,0.626,,50% @ 1 sec
Prunus serotina,6,2022,48,5,1,240,642,0.626,,50% @ 1 sec
Prunus serotina,6,2022,48,6,1,235,749,0.686,,50% @ 1 sec
Prunus serotina,6,2022,50,1,1,435,733,0.406,,50% @ 1 sec
Prunus serotina,6,2022,50,2,1,327,600,0.455,,50% @ 1 sec
Prunus serotina,6,2022,50,3,1,337,720,0.531,,50% @ 1 sec
Prunus serotina,6,2022,50,4,1,340,668,0.491,,50% @ 1 sec
Prunus serotina,6,2022,50,5,1,398,806,0.506,,50% @ 1 sec
Prunus serotina,6,2022,50,6,1,235,342,0.312,,50% @ 1 sec
Prunus serotina,6,2022,52,1,1,207,214,0.032,,50% @ 1 sec
Prunus serotina,6,2022,52,2,1,357,666,0.463,,50% @ 1 sec
Prunus serotina,6,2022,52,3,1,373,819,0.544,,50% @ 1 sec
Prunus serotina,6,2022,52,4,1,410,955,0.570,,50% @ 1 sec
Prunus serotina,6,2022,52,5,1,334,607,0.449,,50% @ 1 sec
Prunus serotina,6,2022,52,6,1,293,596,0.508,,50% @ 1 sec
Prunus serotina,6,2022,54,1,1,260,262,0.007,,50% @ 1 sec
Prunus serotina,6,2022,54,2,1,245,385,0.363,,50% @ 1 sec
Prunus serotina,6,2022,54,3,1,277,382,0.274,,50% @ 1 sec
Prunus serotina,6,2022,54,4,1,464,665,0.302,,50% @ 1 sec
Prunus serotina,6,2022,54,5,1,326,434,0.248,,50% @ 1 sec
Prunus serotina,6,2022,54,6,1,229,263,0.129,,50% @ 1 sec
Prunus serotina,6,2022,60,1,1,306,306,0.000,,50% @ 1 sec
Prunus serotina,6,2022,60,2,1,747,747,0.000,,50% @ 1 sec
Prunus serotina,6,2022,60,3,1,374,374,0.000,,50% @ 1 sec
Prunus serotina,6,2022,60,4,1,275,275,0.001,,50% @ 1 sec
Prunus serotina,6,2022,60,5,1,382,382,0.000,,50% @ 1 sec
Prunus serotina,6,2022,60,6,1,386,386,0.000,,50% @ 1 sec
Quercus falcata,6,2022,23,1,1,236,1208,0.804,,50% @ 1 sec
Quercus falcata,6,2022,23,2,1,245,1077,0.772,,50% @ 1 sec
Quercus falcata,6,2022,23,3,1,243,1246,0.804,,50% @ 1 sec
Quercus falcata,6,2022,23,4,1,235,1104,0.787,,50% @ 1 sec
Quercus falcata,6,2022,23,5,1,256,1325,0.806,,50% @ 1 sec
Quercus falcata,6,2022,23,6,1,242,1301,0.813,,50% @ 1 sec
Quercus falcata,6,2022,38,1,1,237,1182,0.799,,50% @ 1 sec
Quercus falcata,6,2022,38,2,1,270,994,0.728,,50% @ 1 sec
Quercus falcata,6,2022,38,3,1,220,871,0.747,,50% @ 1 sec
Quercus falcata,6,2022,38,4,1,230,1007,0.771,,50% @ 1 sec
Quercus falcata,6,2022,38,5,1,236,1147,0.794,,50% @ 1 sec
Quercus falcata,6,2022,38,6,1,269,904,0.702,,50% @ 1 sec
Quercus falcata,6,2022,40,1,1,322,951,0.661,,50% @ 1 sec
Quercus falcata,6,2022,40,2,1,241,1148,0.790,,50% @ 1 sec
Quercus falcata,6,2022,40,3,1,229,918,0.750,,50% @ 1 sec
Quercus falcata,6,2022,40,4,1,263,1281,0.794,,50% @ 1 sec
Quercus falcata,6,2022,40,5,1,250,1156,0.783,,50% @ 1 sec
Quercus falcata,6,2022,40,6,1,245,1096,0.776,,50% @ 1 sec
Quercus falcata,6,2022,42,1,1,242,1198,0.797,,50% @ 1 sec
Quercus falcata,6,2022,42,2,1,251,963,0.739,,50% @ 1 sec
Quercus falcata,6,2022,42,3,1,241,1205,0.800,,50% @ 1 sec
Quercus falcata,6,2022,42,4,1,234,1118,0.790,,50% @ 1 sec
Quercus falcata,6,2022,42,5,1,246,1193,0.793,,50% @ 1 sec
Quercus falcata,6,2022,42,6,1,243,904,0.731,,50% @ 1 sec
Quercus falcata,6,2022,44,1,1,226,1005,0.775,,50% @ 1 sec
Quercus falcata,6,2022,44,2,1,252,1108,0.772,,50% @ 1 sec
Quercus falcata,6,2022,44,3,1,251,1133,0.778,,50% @ 1 sec
Quercus falcata,6,2022,44,4,1,255,1062,0.759,,50% @ 1 sec
Quercus falcata,6,2022,44,5,1,232,1091,0.787,,50% @ 1 sec
Quercus falcata,6,2022,44,6,1,249,1211,0.794,,50% @ 1 sec
Quercus falcata,6,2022,46,1,1,223,978,0.771,,50% @ 1 sec
Quercus falcata,6,2022,46,2,1,239,981,0.756,,50% @ 1 sec
Quercus falcata,6,2022,46,3,1,282,1136,0.751,,50% @ 1 sec
Quercus falcata,6,2022,46,4,1,286,892,0.679,,50% @ 1 sec
Quercus falcata,6,2022,46,5,1,293,988,0.703,,50% @ 1 sec
Quercus falcata,6,2022,46,6,1,281,1441,0.804,,50% @ 1 sec
Quercus falcata,6,2022,48,1,1,253,811,0.688,,50% @ 1 sec
Quercus falcata,6,2022,48,2,1,283,621,0.544,,50% @ 1 sec
Quercus falcata,6,2022,48,3,1,280,1091,0.743,,50% @ 1 sec
Quercus falcata,6,2022,48,4,1,261,821,0.682,,50% @ 1 sec
Quercus falcata,6,2022,48,5,1,243,1025,0.762,,50% @ 1 sec
Quercus falcata,6,2022,48,6,1,270,1135,0.762,,50% @ 1 sec
Quercus falcata,6,2022,50,1,1,282,744,0.620,,50% @ 1 sec
Quercus falcata,6,2022,50,2,1,281,543,0.482,,50% @ 1 sec
Quercus falcata,6,2022,50,3,1,278,1123,0.752,,50% @ 1 sec
Quercus falcata,6,2022,50,4,1,249,665,0.625,,50% @ 1 sec
Quercus falcata,6,2022,50,5,1,254,646,0.606,,50% @ 1 sec
Quercus falcata,6,2022,50,6,1,256,784,0.673,,50% @ 1 sec
Quercus falcata,6,2022,52,1,1,280,533,0.474,,50% @ 1 sec
Quercus falcata,6,2022,52,2,1,304,744,0.591,,50% @ 1 sec
Quercus falcata,6,2022,52,3,1,408,854,0.522,,50% @ 1 sec
Quercus falcata,6,2022,52,4,1,382,781,0.510,,50% @ 1 sec
Quercus falcata,6,2022,52,5,1,402,926,0.565,,50% @ 1 sec
Quercus falcata,6,2022,52,6,1,296,640,0.537,,50% @ 1 sec
Quercus falcata,6,2022,54,1,1,293,331,0.114,,50% @ 1 sec
Quercus falcata,6,2022,54,2,1,355,952,0.627,,50% @ 1 sec
Quercus falcata,6,2022,54,3,1,475,1232,0.614,,50% @ 1 sec
Quercus falcata,6,2022,54,4,1,336,703,0.522,,50% @ 1 sec
Quercus falcata,6,2022,54,5,1,345,869,0.602,,50% @ 1 sec
Quercus falcata,6,2022,54,6,1,208,249,0.164,,50% @ 1 sec
Quercus falcata,6,2022,60,1,1,739,739,0.000,,50% @ 1 sec
Quercus falcata,6,2022,60,2,1,552,552,0.000,,50% @ 1 sec
Quercus falcata,6,2022,60,3,1,377,377,0.000,,50% @ 1 sec
Quercus falcata,6,2022,60,4,1,562,562,0.000,,50% @ 1 sec
Quercus falcata,6,2022,60,5,1,469,469,0.000,,50% @ 1 sec
Quercus falcata,6,2022,60,6,1,350,360,0.027,,50% @ 1 sec
Celtis laevigata,6,2022,23,1,1,191,835,0.771,,50% @ 1 sec
Celtis laevigata,6,2022,23,2,1,222,1158,0.808,,50% @ 1 sec
Celtis laevigata,6,2022,23,3,1,206,1078,0.808,,50% @ 1 sec
Celtis laevigata,6,2022,23,4,1,176,851,0.793,,50% @ 1 sec
Celtis laevigata,6,2022,23,5,1,195,1065,0.816,,50% @ 1 sec
Celtis laevigata,6,2022,23,6,1,216,1023,0.788,,50% @ 1 sec
Celtis laevigata,6,2022,38,1,1,189,821,0.769,,50% @ 1 sec
Celtis laevigata,6,2022,38,2,1,194,959,0.797,,50% @ 1 sec
Celtis laevigata,6,2022,38,3,1,211,976,0.783,,50% @ 1 sec
Celtis laevigata,6,2022,38,4,1,200,939,0.787,,50% @ 1 sec
Celtis laevigata,6,2022,38,5,1,197,1031,0.808,,50% @ 1 sec
Celtis laevigata,6,2022,38,6,1,184,757,0.756,,50% @ 1 sec
Celtis laevigata,6,2022,40,1,1,202,903,0.776,,50% @ 1 sec
Celtis laevigata,6,2022,40,2,1,203,1035,0.803,,50% @ 1 sec
Celtis laevigata,6,2022,40,3,1,192,917,0.790,,50% @ 1 sec
Celtis laevigata,6,2022,40,4,1,188,869,0.783,,50% @ 1 sec
Celtis laevigata,6,2022,40,5,1,199,936,0.787,,50% @ 1 sec
Celtis laevigata,6,2022,40,6,1,145,599,0.757,,50% @ 1 sec
Celtis laevigata,6,2022,42,1,1,169,691,0.755,,50% @ 1 sec
Celtis laevigata,6,2022,42,2,1,190,893,0.787,,50% @ 1 sec
Celtis laevigata,6,2022,42,3,1,205,972,0.789,,50% @ 1 sec
Celtis laevigata,6,2022,42,4,1,122,496,0.754,,50% @ 1 sec
Celtis laevigata,6,2022,42,5,1,210,1064,0.802,,50% @ 1 sec
Celtis laevigata,6,2022,42,6,1,215,966,0.777,,50% @ 1 sec
Celtis laevigata,6,2022,44,1,1,159,670,0.762,,50% @ 1 sec
Celtis laevigata,6,2022,44,2,1,191,837,0.771,,50% @ 1 sec
Celtis laevigata,6,2022,44,3,1,207,959,0.784,,50% @ 1 sec
Celtis laevigata,6,2022,44,4,1,220,1181,0.813,,50% @ 1 sec
Celtis laevigata,6,2022,44,5,1,156,691,0.774,,50% @ 1 sec
Celtis laevigata,6,2022,44,6,1,197,833,0.763,,50% @ 1 sec
Celtis laevigata,6,2022,46,1,1,208,830,0.749,,50% @ 1 sec
Celtis laevigata,6,2022,46,2,1,175,531,0.670,,50% @ 1 sec
Celtis laevigata,6,2022,46,3,1,180,719,0.749,,50% @ 1 sec
Celtis laevigata,6,2022,46,4,1,191,760,0.748,,50% @ 1 sec
Celtis laevigata,6,2022,46,5,1,174,801,0.782,,50% @ 1 sec
Celtis laevigata,6,2022,46,6,1,181,836,0.783,,50% @ 1 sec
Celtis laevigata,6,2022,48,1,1,210,872,0.759,,50% @ 1 sec
Celtis laevigata,6,2022,48,2,1,234,806,0.709,,50% @ 1 sec
Celtis laevigata,6,2022,48,3,1,223,841,0.734,,50% @ 1 sec
Celtis laevigata,6,2022,48,4,1,200,807,0.752,,50% @ 1 sec
Celtis laevigata,6,2022,48,5,1,210,817,0.742,,50% @ 1 sec
Celtis laevigata,6,2022,48,6,1,35,45,0.222,,50% @ 1 sec
Celtis laevigata,6,2022,50,1,1,181,379,0.522,,50% @ 1 sec
Celtis laevigata,6,2022,50,2,1,138,303,0.544,,50% @ 1 sec
Celtis laevigata,6,2022,50,3,1,261,783,0.666,,50% @ 1 sec
Celtis laevigata,6,2022,50,4,1,171,665,0.742,,50% @ 1 sec
Celtis laevigata,6,2022,50,5,1,212,628,0.662,,50% @ 1 sec
Celtis laevigata,6,2022,50,6,1,154,473,0.674,,50% @ 1 sec
Celtis laevigata,6,2022,52,1,1,153,185,0.172,,50% @ 1 sec
Celtis laevigata,6,2022,52,2,1,81,94,0.138,,50% @ 1 sec
Celtis laevigata,6,2022,52,3,1,333,676,0.507,,50% @ 1 sec
Celtis laevigata,6,2022,52,4,1,235,741,0.682,,50% @ 1 sec
Celtis laevigata,6,2022,52,5,1,189,226,0.163,,50% @ 1 sec
Celtis laevigata,6,2022,52,6,1,105,190,0.447,,50% @ 1 sec
Celtis laevigata,6,2022,54,1,1,133,152,0.125,,50% @ 1 sec
Celtis laevigata,6,2022,54,2,1,87,90,0.033,,50% @ 1 sec
Celtis laevigata,6,2022,54,3,1,75,107,0.299,,50% @ 1 sec
Celtis laevigata,6,2022,54,4,1,177,659,0.731,,50% @ 1 sec
Celtis laevigata,6,2022,54,5,1,109,153,0.287,,50% @ 1 sec
Celtis laevigata,6,2022,54,6,1,97,115,0.156,,50% @ 1 sec
Celtis laevigata,6,2022,60,1,1,210,210,0.000,,50% @ 1 sec
Celtis laevigata,6,2022,60,2,1,61,63,0.031,,50% @ 1 sec
Celtis laevigata,6,2022,60,3,1,35,39,0.102,,50% @ 1 sec
Celtis laevigata,6,2022,60,4,1,42,45,0.066,,50% @ 1 sec
Celtis laevigata,6,2022,60,5,1,38,42,0.095,,50% @ 1 sec
Celtis laevigata,6,2022,60,6,1,131,131,0.000,,50% @ 1 sec
Ulmus americana,6,2022,23,1,1,235,1227,0.808,,50% @ 1 sec
Ulmus americana,6,2022,23,2,1,185,977,0.810,,50% @ 1 sec
Ulmus americana,6,2022,23,3,1,132,320,0.587,,50% @ 1 sec
Ulmus americana,6,2022,23,4,1,218,1047,0.791,,50% @ 1 sec
Ulmus americana,6,2022,23,5,1,228,1293,0.823,,50% @ 1 sec
Ulmus americana,6,2022,23,6,1,222,1105,0.799,,50% @ 1 sec
Ulmus americana,6,2022,38,1,1,203,733,0.723,,50% @ 1 sec
Ulmus americana,6,2022,38,2,1,200,871,0.770,,50% @ 1 sec
Ulmus americana,6,2022,38,3,1,163,182,0.104,,50% @ 1 sec
Ulmus americana,6,2022,38,4,1,189,944,0.799,,50% @ 1 sec
Ulmus americana,6,2022,38,5,1,215,919,0.766,,50% @ 1 sec
Ulmus americana,6,2022,38,6,1,189,818,0.768,,50% @ 1 sec
Ulmus americana,6,2022,40,1,1,160,341,0.530,,50% @ 1 sec
Ulmus americana,6,2022,40,2,1,138,693,0.800,,50% @ 1 sec
Ulmus americana,6,2022,40,3,1,231,735,0.685,,50% @ 1 sec
Ulmus americana,6,2022,40,4,1,198,968,0.795,,50% @ 1 sec
Ulmus americana,6,2022,40,5,1,222,1068,0.792,,50% @ 1 sec
Ulmus americana,6,2022,40,6,1,145,608,0.761,,50% @ 1 sec
Ulmus americana,6,2022,42,1,1,216,806,0.732,,50% @ 1 sec
Ulmus americana,6,2022,42,2,1,142,606,0.765,,50% @ 1 sec
Ulmus americana,6,2022,42,3,1,192,594,0.676,,50% @ 1 sec
Ulmus americana,6,2022,42,4,1,207,1001,0.793,,50% @ 1 sec
Ulmus americana,6,2022,42,5,1,227,1130,0.799,,50% @ 1 sec
Ulmus americana,6,2022,42,6,1,169,705,0.760,,50% @ 1 sec
Ulmus americana,6,2022,44,1,1,207,535,0.613,,50% @ 1 sec
Ulmus americana,6,2022,44,2,1,41,45,0.088,,50% @ 1 sec
Ulmus americana,6,2022,44,3,1,154,303,0.491,,50% @ 1 sec
Ulmus americana,6,2022,44,4,1,226,1076,0.789,,50% @ 1 sec
Ulmus americana,6,2022,44,5,1,220,1122,0.803,,50% @ 1 sec
Ulmus americana,6,2022,44,6,1,132,404,0.673,,50% @ 1 sec
Ulmus americana,6,2022,46,1,1,235,696,0.662,,50% @ 1 sec
Ulmus americana,6,2022,46,2,1,180,656,0.725,,50% @ 1 sec
Ulmus americana,6,2022,46,3,1,127,160,0.206,,50% @ 1 sec
Ulmus americana,6,2022,46,4,1,185,799,0.768,,50% @ 1 sec
Ulmus americana,6,2022,46,5,1,192,670,0.713,,50% @ 1 sec
Ulmus americana,6,2022,46,6,1,134,448,0.700,,50% @ 1 sec
Ulmus americana,6,2022,48,1,1,185,198,0.065,,50% @ 1 sec
Ulmus americana,6,2022,48,2,1,63,72,0.125,,50% @ 1 sec
Ulmus americana,6,2022,48,3,1,118,139,0.151,,50% @ 1 sec
Ulmus americana,6,2022,48,4,1,221,692,0.680,,50% @ 1 sec
Ulmus americana,6,2022,48,5,1,234,1160,0.798,,50% @ 1 sec
Ulmus americana,6,2022,48,6,1,171,722,0.763,,50% @ 1 sec
Ulmus americana,6,2022,50,1,1,187,193,0.031,,50% @ 1 sec
Ulmus americana,6,2022,50,2,1,206,570,0.638,,50% @ 1 sec
Ulmus americana,6,2022,50,3,1,201,229,0.122,,50% @ 1 sec
Ulmus americana,6,2022,50,4,1,148,151,0.019,,50% @ 1 sec
Ulmus americana,6,2022,50,5,1,227,794,0.714,,50% @ 1 sec
Ulmus americana,6,2022,50,6,1,53,60,0.116,,50% @ 1 sec
Ulmus americana,6,2022,52,1,1,204,262,0.221,,50% @ 1 sec
Ulmus americana,6,2022,52,2,1,54,56,0.035,,50% @ 1 sec
Ulmus americana,6,2022,52,3,1,260,337,0.228,,50% @ 1 sec
Ulmus americana,6,2022,52,4,1,200,202,0.009,,50% @ 1 sec
Ulmus americana,6,2022,52,5,1,390,1056,0.630,,50% @ 1 sec
Ulmus americana,6,2022,52,6,1,49,65,0.246,,50% @ 1 sec
Ulmus americana,6,2022,54,1,1,171,177,0.033,,50% @ 1 sec
Ulmus americana,6,2022,54,2,1,53,58,0.086,,50% @ 1 sec
Ulmus americana,6,2022,54,3,1,172,182,0.054,,50% @ 1 sec
Ulmus americana,6,2022,54,4,1,173,173,0.000,,50% @ 1 sec
Ulmus americana,6,2022,54,5,1,191,276,0.307,,50% @ 1 sec
Ulmus americana,6,2022,54,6,1,70,74,0.054,,50% @ 1 sec
Ulmus americana,6,2022,60,1,1,134,136,0.014,,50% @ 1 sec
Ulmus americana,6,2022,60,2,1,80,84,0.047,,50% @ 1 sec
Ulmus americana,6,2022,60,3,1,146,151,0.033,,50% @ 1 sec
Ulmus americana,6,2022,60,4,1,267,267,0.000,,50% @ 1 sec
Ulmus americana,6,2022,60,5,1,189,190,0.005,,50% @ 1 sec
Ulmus americana,6,2022,60,6,1,75,80,0.062,,50% @ 1 sec
Juglans nigra,6,2022,23,1,1,214,1064,0.798,,50% @ 1 sec
Juglans nigra,6,2022,23,2,1,233,1101,0.788,,50% @ 1 sec
Juglans nigra,6,2022,23,3,1,194,1036,0.812,,50% @ 1 sec
Juglans nigra,6,2022,23,4,1,199,901,0.779,,50% @ 1 sec
Juglans nigra,6,2022,23,5,1,240,1132,0.787,,50% @ 1 sec
Juglans nigra,6,2022,23,6,1,207,999,0.792,,50% @ 1 sec
Juglans nigra,6,2022,38,1,1,191,973,0.803,,50% @ 1 sec
Juglans nigra,6,2022,38,2,1,205,1033,0.801,,50% @ 1 sec
Juglans nigra,6,2022,38,3,1,207,1065,0.805,,50% @ 1 sec
Juglans nigra,6,2022,38,4,1,190,1012,0.812,,50% @ 1 sec
Juglans nigra,6,2022,38,5,1,214,1012,0.788,,50% @ 1 sec
Juglans nigra,6,2022,38,6,1,201,1078,0.813,,50% @ 1 sec
Juglans nigra,6,2022,40,1,1,216,1014,0.786,,50% @ 1 sec
Juglans nigra,6,2022,40,2,1,163,565,0.711,,50% @ 1 sec
Juglans nigra,6,2022,40,3,1,209,1062,0.803,,50% @ 1 sec
Juglans nigra,6,2022,40,4,1,214,883,0.757,,50% @ 1 sec
Juglans nigra,6,2022,40,5,1,223,963,0.768,,50% @ 1 sec
Juglans nigra,6,2022,40,6,1,229,977,0.765,,50% @ 1 sec
Juglans nigra,6,2022,42,1,1,194,898,0.783,,50% @ 1 sec
Juglans nigra,6,2022,42,2,1,195,998,0.804,,50% @ 1 sec
Juglans nigra,6,2022,42,3,1,201,1078,0.813,,50% @ 1 sec
Juglans nigra,6,2022,42,4,1,186,925,0.798,,50% @ 1 sec
Juglans nigra,6,2022,42,5,1,191,1003,0.809,,50% @ 1 sec
Juglans nigra,6,2022,42,6,1,198,986,0.799,,50% @ 1 sec
Juglans nigra,6,2022,44,1,1,271,1137,0.761,,50% @ 1 sec
Juglans nigra,6,2022,44,2,1,243,1044,0.767,,50% @ 1 sec
Juglans nigra,6,2022,44,3,1,230,1178,0.804,,50% @ 1 sec
Juglans nigra,6,2022,44,4,1,242,1132,0.786,,50% @ 1 sec
Juglans nigra,6,2022,44,5,1,257,1130,0.772,,50% @ 1 sec
Juglans nigra,6,2022,44,6,1,240,1093,0.780,,50% @ 1 sec
Juglans nigra,6,2022,46,1,1,194,599,0.676,,50% @ 1 sec
Juglans nigra,6,2022,46,2,1,227,795,0.714,,50% @ 1 sec
Juglans nigra,6,2022,46,3,1,235,932,0.747,,50% @ 1 sec
Juglans nigra,6,2022,46,4,1,223,837,0.733,,50% @ 1 sec
Juglans nigra,6,2022,46,5,1,230,950,0.757,,50% @ 1 sec
Juglans nigra,6,2022,46,6,1,252,1098,0.770,,50% @ 1 sec
Juglans nigra,6,2022,48,1,1,190,663,0.713,,50% @ 1 sec
Juglans nigra,6,2022,48,2,1,218,759,0.712,,50% @ 1 sec
Juglans nigra,6,2022,48,3,1,209,793,0.736,,50% @ 1 sec
Juglans nigra,6,2022,48,4,1,217,616,0.647,,50% @ 1 sec
Juglans nigra,6,2022,48,5,1,183,434,0.578,,50% @ 1 sec
Juglans nigra,6,2022,48,6,1,235,374,0.371,,50% @ 1 sec
Juglans nigra,6,2022,50,1,1,228,558,0.591,,50% @ 1 sec
Juglans nigra,6,2022,50,2,1,169,271,0.376,,50% @ 1 sec
Juglans nigra,6,2022,50,3,1,177,261,0.321,,50% @ 1 sec
Juglans nigra,6,2022,50,4,1,187,369,0.493,,50% @ 1 sec
Juglans nigra,6,2022,50,5,1,164,277,0.407,,50% @ 1 sec
Juglans nigra,6,2022,50,6,1,341,666,0.487,,50% @ 1 sec
Juglans nigra,6,2022,52,1,1,211,490,0.569,,50% @ 1 sec
Juglans nigra,6,2022,52,2,1,193,344,0.438,,50% @ 1 sec
Juglans nigra,6,2022,52,3,1,212,493,0.569,,50% @ 1 sec
Juglans nigra,6,2022,52,4,1,262,544,0.518,,50% @ 1 sec
Juglans nigra,6,2022,52,5,1,304,553,0.450,,50% @ 1 sec
Juglans nigra,6,2022,52,6,1,360,541,0.334,,50% @ 1 sec
Juglans nigra,6,2022,54,1,1,127,127,0.000,,50% @ 1 sec
Juglans nigra,6,2022,54,2,1,72,72,0.000,,50% @ 1 sec
Juglans nigra,6,2022,54,3,1,186,191,0.026,,50% @ 1 sec
Juglans nigra,6,2022,54,4,1,297,513,0.421,,50% @ 1 sec
Juglans nigra,6,2022,54,5,1,270,581,0.535,,50% @ 1 sec
Juglans nigra,6,2022,54,6,1,263,575,0.542,,50% @ 1 sec
Juglans nigra,6,2022,60,1,1,49,52,0.057,,50% @ 1 sec
Juglans nigra,6,2022,60,2,1,74,75,0.013,,50% @ 1 sec
Juglans nigra,6,2022,60,3,1,73,73,0.000,,50% @ 1 sec
Juglans nigra,6,2022,60,4,1,339,339,0.000,,50% @ 1 sec
Juglans nigra,6,2022,60,5,1,274,274,0.000,,50% @ 1 sec
Juglans nigra,6,2022,60,6,1,207,207,0.000,,50% @ 1 sec
Fagus grandifolia,6,2022,23,1,1,265,1073,0.753,,50% @ 1 sec
Fagus grandifolia,6,2022,23,2,1,276,1255,0.780,,50% @ 1 sec
Fagus grandifolia,6,2022,23,3,1,321,1360,0.763,,50% @ 1 sec
Fagus grandifolia,6,2022,23,4,1,289,1377,0.790,,50% @ 1 sec
Fagus grandifolia,6,2022,23,5,1,261,1260,0.792,,50% @ 1 sec
Fagus grandifolia,6,2022,23,6,1,265,1335,0.801,,50% @ 1 sec
Fagus grandifolia,6,2022,38,1,1,279,1259,0.778,,50% @ 1 sec
Fagus grandifolia,6,2022,38,2,1,287,1363,0.789,,50% @ 1 sec
Fagus grandifolia,6,2022,38,3,1,292,1318,0.778,,50% @ 1 sec
Fagus grandifolia,6,2022,38,4,1,283,1351,0.790,,50% @ 1 sec
Fagus grandifolia,6,2022,38,5,1,281,1431,0.803,,50% @ 1 sec
Fagus grandifolia,6,2022,38,6,1,275,1289,0.786,,50% @ 1 sec
Fagus grandifolia,6,2022,40,1,1,264,904,0.707,,50% @ 1 sec
Fagus grandifolia,6,2022,40,2,1,304,1216,0.750,,50% @ 1 sec
Fagus grandifolia,6,2022,40,3,1,293,1135,0.741,,50% @ 1 sec
Fagus grandifolia,6,2022,40,4,1,290,1236,0.765,,50% @ 1 sec
Fagus grandifolia,6,2022,40,5,1,258,983,0.737,,50% @ 1 sec
Fagus grandifolia,6,2022,40,6,1,263,938,0.719,,50% @ 1 sec
Fagus grandifolia,6,2022,42,1,1,283,1218,0.767,,50% @ 1 sec
Fagus grandifolia,6,2022,42,2,1,299,1345,0.777,,50% @ 1 sec
Fagus grandifolia,6,2022,42,3,1,287,1239,0.768,,50% @ 1 sec
Fagus grandifolia,6,2022,42,4,1,297,1324,0.775,,50% @ 1 sec
Fagus grandifolia,6,2022,42,5,1,275,1301,0.788,,50% @ 1 sec
Fagus grandifolia,6,2022,42,6,1,276,1227,0.775,,50% @ 1 sec
Fagus grandifolia,6,2022,44,1,1,282,1204,0.765,,50% @ 1 sec
Fagus grandifolia,6,2022,44,2,1,309,1106,0.720,,50% @ 1 sec
Fagus grandifolia,6,2022,44,3,1,293,1286,0.772,,50% @ 1 sec
Fagus grandifolia,6,2022,44,4,1,268,1196,0.775,,50% @ 1 sec
Fagus grandifolia,6,2022,44,5,1,252,1000,0.748,,50% @ 1 sec
Fagus grandifolia,6,2022,44,6,1,267,1008,0.735,,50% @ 1 sec
Fagus grandifolia,6,2022,46,1,1,314,1243,0.747,,50% @ 1 sec
Fagus grandifolia,6,2022,46,2,1,320,1158,0.723,,50% @ 1 sec
Fagus grandifolia,6,2022,46,3,1,294,1073,0.726,,50% @ 1 sec
Fagus grandifolia,6,2022,46,4,1,296,1074,0.724,,50% @ 1 sec
Fagus grandifolia,6,2022,46,5,1,277,1014,0.726,,50% @ 1 sec
Fagus grandifolia,6,2022,46,6,1,308,1059,0.709,,50% @ 1 sec
Fagus grandifolia,6,2022,48,1,1,277,890,0.688,,50% @ 1 sec
Fagus grandifolia,6,2022,48,2,1,311,832,0.626,,50% @ 1 sec
Fagus grandifolia,6,2022,48,3,1,285,688,0.585,,50% @ 1 sec
Fagus grandifolia,6,2022,48,4,1,295,1165,0.746,,50% @ 1 sec
Fagus grandifolia,6,2022,48,5,1,258,719,0.641,,50% @ 1 sec
Fagus grandifolia,6,2022,48,6,1,271,801,0.661,,50% @ 1 sec
Fagus grandifolia,6,2022,50,1,1,246,441,0.442,,50% @ 1 sec
Fagus grandifolia,6,2022,50,2,1,306,724,0.577,,50% @ 1 sec
Fagus grandifolia,6,2022,50,3,1,284,630,0.549,,50% @ 1 sec
Fagus grandifolia,6,2022,50,4,1,241,500,0.518,,50% @ 1 sec
Fagus grandifolia,6,2022,50,5,1,296,713,0.584,,50% @ 1 sec
Fagus grandifolia,6,2022,50,6,1,293,769,0.618,,50% @ 1 sec
Fagus grandifolia,6,2022,52,1,1,267,580,0.539,,50% @ 1 sec
Fagus grandifolia,6,2022,52,2,1,361,688,0.475,,50% @ 1 sec
Fagus grandifolia,6,2022,52,3,1,336,550,0.389,,50% @ 1 sec
Fagus grandifolia,6,2022,52,4,1,335,632,0.469,,50% @ 1 sec
Fagus grandifolia,6,2022,52,5,1,205,209,0.019,,50% @ 1 sec
Fagus grandifolia,6,2022,52,6,1,231,239,0.033,,50% @ 1 sec
Fagus grandifolia,6,2022,54,1,1,319,831,0.616,,50% @ 1 sec
Fagus grandifolia,6,2022,54,2,1,320,760,0.578,,50% @ 1 sec
Fagus grandifolia,6,2022,54,3,1,380,664,0.427,,50% @ 1 sec
Fagus grandifolia,6,2022,54,4,1,261,261,0.000,,50% @ 1 sec
Fagus grandifolia,6,2022,54,5,1,171,171,0.000,,50% @ 1 sec
Fagus grandifolia,6,2022,54,6,1,207,207,0.000,,50% @ 1 sec
Fagus grandifolia,6,2022,60,1,1,259,259,0.000,,50% @ 1 sec
Fagus grandifolia,6,2022,60,2,1,258,258,0.000,,50% @ 1 sec
Fagus grandifolia,6,2022,60,3,1,328,328,0.000,,50% @ 1 sec
Fagus grandifolia,6,2022,60,4,1,188,188,0.000,,50% @ 1 sec
Fagus grandifolia,6,2022,60,5,1,140,140,0.000,,50% @ 1 sec
Fagus grandifolia,6,2022,60,6,1,204,207,0.014,,50% @ 1 sec
Ostrya virginiana,6,2022,23,1,1,231,1212,0.809,,50% @ 1 sec
Ostrya virginiana,6,2022,23,2,1,256,1317,0.805,,50% @ 1 sec
Ostrya virginiana,6,2022,23,3,1,268,1283,0.791,,50% @ 1 sec
Ostrya virginiana,6,2022,23,4,1,281,1320,0.787,,50% @ 1 sec
Ostrya virginiana,6,2022,23,5,1,260,1312,0.801,,50% @ 1 sec
Ostrya virginiana,6,2022,23,6,1,274,1345,0.796,,50% @ 1 sec
Ostrya virginiana,6,2022,38,1,1,244,1206,0.797,,50% @ 1 sec
Ostrya virginiana,6,2022,38,2,1,246,1332,0.815,,50% @ 1 sec
Ostrya virginiana,6,2022,38,3,1,249,1158,0.784,,50% @ 1 sec
Ostrya virginiana,6,2022,38,4,1,286,1410,0.797,,50% @ 1 sec
Ostrya virginiana,6,2022,38,5,1,269,1370,0.803,,50% @ 1 sec
Ostrya virginiana,6,2022,38,6,1,268,1350,0.801,,50% @ 1 sec
Ostrya virginiana,6,2022,40,1,1,226,1165,0.806,,50% @ 1 sec
Ostrya virginiana,6,2022,40,2,1,249,1299,0.808,,50% @ 1 sec
Ostrya virginiana,6,2022,40,3,1,258,1236,0.791,,50% @ 1 sec
Ostrya virginiana,6,2022,40,4,1,257,1143,0.775,,50% @ 1 sec
Ostrya virginiana,6,2022,40,5,1,257,1250,0.794,,50% @ 1 sec
Ostrya virginiana,6,2022,40,6,1,260,1299,0.799,,50% @ 1 sec
Ostrya virginiana,6,2022,42,1,1,229,1186,0.806,,50% @ 1 sec
Ostrya virginiana,6,2022,42,2,1,246,1282,0.808,,50% @ 1 sec
Ostrya virginiana,6,2022,42,3,1,243,1102,0.779,,50% @ 1 sec
Ostrya virginiana,6,2022,42,4,1,271,1264,0.785,,50% @ 1 sec
Ostrya virginiana,6,2022,42,5,1,275,1448,0.810,,50% @ 1 sec
Ostrya virginiana,6,2022,42,6,1,260,1219,0.786,,50% @ 1 sec
Ostrya virginiana,6,2022,44,1,1,287,1218,0.764,,50% @ 1 sec
Ostrya virginiana,6,2022,44,2,1,239,1116,0.785,,50% @ 1 sec
Ostrya virginiana,6,2022,44,3,1,253,1169,0.783,,50% @ 1 sec
Ostrya virginiana,6,2022,44,4,1,285,1186,0.759,,50% @ 1 sec
Ostrya virginiana,6,2022,44,5,1,250,1039,0.759,,50% @ 1 sec
Ostrya virginiana,6,2022,44,6,1,267,1288,0.792,,50% @ 1 sec
Ostrya virginiana,6,2022,46,1,1,258,1237,0.791,,50% @ 1 sec
Ostrya virginiana,6,2022,46,2,1,255,1081,0.764,,50% @ 1 sec
Ostrya virginiana,6,2022,46,3,1,272,1126,0.758,,50% @ 1 sec
Ostrya virginiana,6,2022,46,4,1,296,1233,0.759,,50% @ 1 sec
Ostrya virginiana,6,2022,46,5,1,283,1002,0.717,,50% @ 1 sec
Ostrya virginiana,6,2022,46,6,1,313,1130,0.723,,50% @ 1 sec
Ostrya virginiana,6,2022,48,1,1,329,1001,0.671,,50% @ 1 sec
Ostrya virginiana,6,2022,48,2,1,273,840,0.675,,50% @ 1 sec
Ostrya virginiana,6,2022,48,3,1,262,861,0.695,,50% @ 1 sec
Ostrya virginiana,6,2022,48,4,1,265,1179,0.775,,50% @ 1 sec
Ostrya virginiana,6,2022,48,5,1,250,925,0.729,,50% @ 1 sec
Ostrya virginiana,6,2022,48,6,1,278,1169,0.762,,50% @ 1 sec
Ostrya virginiana,6,2022,50,1,1,406,777,0.477,,50% @ 1 sec
Ostrya virginiana,6,2022,50,2,1,349,511,0.317,,50% @ 1 sec
Ostrya virginiana,6,2022,50,3,1,351,453,0.225,,50% @ 1 sec
Ostrya virginiana,6,2022,50,4,1,360,1071,0.663,,50% @ 1 sec
Ostrya virginiana,6,2022,50,5,1,399,663,0.398,,50% @ 1 sec
Ostrya virginiana,6,2022,50,6,1,375,898,0.582,,50% @ 1 sec
Ostrya virginiana,6,2022,52,1,1,299,304,0.016,,50% @ 1 sec
Ostrya virginiana,6,2022,52,2,1,419,485,0.136,,50% @ 1 sec
Ostrya virginiana,6,2022,52,3,1,418,420,0.004,,50% @ 1 sec
Ostrya virginiana,6,2022,52,4,1,366,998,0.633,,50% @ 1 sec
Ostrya virginiana,6,2022,52,5,1,375,596,0.370,,50% @ 1 sec
Ostrya virginiana,6,2022,52,6,1,378,643,0.412,,50% @ 1 sec
Ostrya virginiana,6,2022,54,1,1,476,914,0.479,,50% @ 1 sec
Ostrya virginiana,6,2022,54,2,1,401,604,0.336,,50% @ 1 sec
Ostrya virginiana,6,2022,54,3,1,402,696,0.422,,50% @ 1 sec
Ostrya virginiana,6,2022,54,4,1,430,430,0.000,,50% @ 1 sec
Ostrya virginiana,6,2022,54,5,1,407,407,0.000,,50% @ 1 sec
Ostrya virginiana,6,2022,54,6,1,383,383,0.000,,50% @ 1 sec
Ostrya virginiana,6,2022,60,1,1,267,267,0.000,,50% @ 1 sec
Ostrya virginiana,6,2022,60,2,1,410,412,0.004,,50% @ 1 sec
Ostrya virginiana,6,2022,60,3,1,458,458,0.000,,50% @ 1 sec
Ostrya virginiana,6,2022,60,4,1,367,367,0.000,,50% @ 1 sec
Ostrya virginiana,6,2022,60,5,1,319,319,0.000,,50% @ 1 sec
Ostrya virginiana,6,2022,60,6,1,362,362,0.000,,50% @ 1 sec
Acer saccharum,6,2022,23,1,1,309,1398,0.778,,50% @ 1 sec
Acer saccharum,6,2022,23,2,1,253,1247,0.797,,50% @ 1 sec
Acer saccharum,6,2022,23,3,1,260,1332,0.804,,50% @ 1 sec
Acer saccharum,6,2022,23,4,1,265,1305,0.796,,50% @ 1 sec
Acer saccharum,6,2022,23,5,1,282,1406,0.799,,50% @ 1 sec
Acer saccharum,6,2022,23,6,1,258,1230,0.790,,50% @ 1 sec
Acer saccharum,6,2022,38,1,1,269,1368,0.803,,50% @ 1 sec
Acer saccharum,6,2022,38,2,1,249,1278,0.805,,50% @ 1 sec
Acer saccharum,6,2022,38,3,1,274,1517,0.819,,50% @ 1 sec
Acer saccharum,6,2022,38,4,1,250,1309,0.809,,50% @ 1 sec
Acer saccharum,6,2022,38,5,1,283,1343,0.789,,50% @ 1 sec
Acer saccharum,6,2022,38,6,1,228,975,0.766,,50% @ 1 sec
Acer saccharum,6,2022,40,1,1,283,1288,0.780,,50% @ 1 sec
Acer saccharum,6,2022,40,2,1,241,1143,0.789,,50% @ 1 sec
Acer saccharum,6,2022,40,3,1,269,1304,0.793,,50% @ 1 sec
Acer saccharum,6,2022,40,4,1,274,1224,0.776,,50% @ 1 sec
Acer saccharum,6,2022,40,5,1,299,1434,0.791,,50% @ 1 sec
Acer saccharum,6,2022,40,6,1,271,1215,0.776,,50% @ 1 sec
Acer saccharum,6,2022,42,1,1,281,1330,0.788,,50% @ 1 sec
Acer saccharum,6,2022,42,2,1,236,1200,0.803,,50% @ 1 sec
Acer saccharum,6,2022,42,3,1,238,1233,0.806,,50% @ 1 sec
Acer saccharum,6,2022,42,4,1,249,1146,0.782,,50% @ 1 sec
Acer saccharum,6,2022,42,5,1,303,1314,0.769,,50% @ 1 sec
Acer saccharum,6,2022,42,6,1,236,1094,0.784,,50% @ 1 sec
Acer saccharum,6,2022,44,1,1,175,706,0.752,,50% @ 1 sec
Acer saccharum,6,2022,44,2,1,259,962,0.730,,50% @ 1 sec
Acer saccharum,6,2022,44,3,1,282,963,0.707,,50% @ 1 sec
Acer saccharum,6,2022,44,4,1,208,889,0.766,,50% @ 1 sec
Acer saccharum,6,2022,44,5,1,208,977,0.787,,50% @ 1 sec
Acer saccharum,6,2022,44,6,1,360,963,0.626,,50% @ 1 sec
Acer saccharum,6,2022,46,1,1,321,1158,0.722,,50% @ 1 sec
Acer saccharum,6,2022,46,2,1,266,1030,0.741,,50% @ 1 sec
Acer saccharum,6,2022,46,3,1,256,1297,0.802,,50% @ 1 sec
Acer saccharum,6,2022,46,4,1,283,1003,0.717,,50% @ 1 sec
Acer saccharum,6,2022,46,5,1,297,897,0.668,,50% @ 1 sec
Acer saccharum,6,2022,46,6,1,281,895,0.686,,50% @ 1 sec
Acer saccharum,6,2022,48,1,1,292,855,0.658,,50% @ 1 sec
Acer saccharum,6,2022,48,2,1,273,811,0.663,,50% @ 1 sec
Acer saccharum,6,2022,48,3,1,283,1039,0.727,,50% @ 1 sec
Acer saccharum,6,2022,48,4,1,279,1241,0.775,,50% @ 1 sec
Acer saccharum,6,2022,48,5,1,276,807,0.657,,50% @ 1 sec
Acer saccharum,6,2022,48,6,1,260,1040,0.750,,50% @ 1 sec
Acer saccharum,6,2022,50,1,1,289,776,0.627,,50% @ 1 sec
Acer saccharum,6,2022,50,2,1,268,607,0.558,,50% @ 1 sec
Acer saccharum,6,2022,50,3,1,272,745,0.634,,50% @ 1 sec
Acer saccharum,6,2022,50,4,1,324,553,0.414,,50% @ 1 sec
Acer saccharum,6,2022,50,5,1,353,683,0.483,,50% @ 1 sec
Acer saccharum,6,2022,50,6,1,406,428,0.051,,50% @ 1 sec
Acer saccharum,6,2022,52,1,1,350,949,0.631,,50% @ 1 sec
Acer saccharum,6,2022,52,2,1,348,647,0.462,,50% @ 1 sec
Acer saccharum,6,2022,52,3,1,299,812,0.631,,50% @ 1 sec
Acer saccharum,6,2022,52,4,1,282,559,0.495,,50% @ 1 sec
Acer saccharum,6,2022,52,5,1,323,713,0.546,,50% @ 1 sec
Acer saccharum,6,2022,52,6,1,323,656,0.507,,50% @ 1 sec
Acer saccharum,6,2022,54,1,1,722,722,0.000,,50% @ 1 sec
Acer saccharum,6,2022,54,2,1,779,779,0.000,,50% @ 1 sec
Acer saccharum,6,2022,54,3,1,527,531,0.007,,50% @ 1 sec
Acer saccharum,6,2022,54,4,1,676,676,0.000,,50% @ 1 sec
Acer saccharum,6,2022,54,5,1,451,451,0.000,,50% @ 1 sec
Acer saccharum,6,2022,54,6,1,551,551,0.000,,50% @ 1 sec
Acer saccharum,6,2022,60,1,1,475,477,0.004,,50% @ 1 sec
Acer saccharum,6,2022,60,2,1,729,729,0.000,,50% @ 1 sec
Acer saccharum,6,2022,60,3,1,423,423,0.000,,50% @ 1 sec
Acer saccharum,6,2022,60,4,1,732,732,0.000,,50% @ 1 sec
Acer saccharum,6,2022,60,5,1,472,474,0.004,,50% @ 1 sec
Acer saccharum,6,2022,60,6,1,447,447,0.000,,50% @ 1 sec